121,116.6635664
134,"	"
104,"	"
122,"	"
112,"	"
103,"	"
132,"	"
112,"	"
109,"	"
110,"	"
133,"	"
152,"	"
102,"	"
147,"	"
113,"	"
72,"	"
149,"	"
72,"	"
133,"	"
75,"	"
101,"	"
109,"	"
73,"	"
132,"	"
144,"	"
108,"	"
112,"	"
80,"	"
93,"	"
121,"	"
72,"	"
108,"	"
108,"	"
85,"	"
101,"	"
106,"	"
72,"	"
119,"	"
105,"	"
171,"	"
84,"	"
128,"	"
118,"	"
71,"	"
106,"	"
131,"	"
84,"	"
72,"	"
104,"	"
133,"	"
114,"	"
113,"	"
105,"	"
138,"	"
120,"	"
71,"	"
87,"	"
104,"	"
93,"	"
118,"	"
111,"	"
124,"	"
108,"	"
104,"	"
167,"	"
100,"	"
98,"	"
126,"	"
95,"	"
112,"	"
101,"	"
139,"	"
133,"	"
131,"	"
72,"	"
140,"	"
131,"	"
108,"	"
75,"	"
142,"	"
120,"	"
131,"	"
120,"	"
78,"	"
71,"	"
106,"	"
97,"	"
101,"	"
104,"	"
124,"	"
94,"	"
75,"	"
98,"	"
94,"	"
113,"	"
111,"	"
101,"	"
74,"	"
107,"	"
142,"	"
82,"	"
139,"	"
109,"	"
135,"	"
151,"	"
140,"	"
139,"	"
74,"	"
115,"	"
112,"	"
147,"	"
74,"	"
131,"	"
105,"	"
77,"	"
115,"	"
108,"	"
107,"	"
124,"	"
111,"	"
110,"	"
156,"	"
108,"	"
75,"	"
131,"	"
125,"	"
100,"	"
109,"	"
126,"	"
111,"	"
99,"	"
98,"	"
122,"	"
73,"	"
106,"	"
95,"	"
124,"	"
102,"	"
109,"	"
111,"	"
104,"	"
101,"	"
73,"	"
133,"	"
160,"	"
78,"	"
140,"	"
139,"	"
74,"	"
76,"	"
111,"	"
114,"	"
119,"	"
92,"	"
139,"	"
104,"	"
129,"	"
127,"	"
136,"	"
73,"	"
103,"	"
67,"	"
100,"	"
109,"	"
143,"	"
131,"	"
116,"	"
123,"	"
119,"	"
203,"	"
106,"	"
89,"	"
98,"	"
126,"	"
109,"	"
101,"	"
110,"	"
132,"	"
111,"	"
167,"	"
110,"	"
96,"	"
120,"	"
121,"	"
111,"	"
110,"	"
108,"	"
142,"	"
105,"	"
100,"	"
113,"	"
93,"	"
75,"	"
113,"	"
139,"	"
74,"	"
117,"	"
187,"	"
84,"	"
103,"	"
149,"	"
111,"	"
95,"	"
119,"	"
70,"	"
115,"	"
113,"	"
135,"	"
94,"	"
71,"	"
114,"	"
117,"	"
136,"	"
127,"	"
147,"	"
125,"	"
72,"	"
109,"	"
123,"	"
187,"	"
152,"	"
104,"	"
74,"	"
139,"	"
111,"	"
91,"	"
99,"	"
108,"	"
102,"	"
85,"	"
115,"	"
130,"	"
96,"	"
72,"	"
101,"	"
102,"	"
74,"	"
121,"	"
73,"	"
76,"	"
112,"	"
144,"	"
132,"	"
96,"	"
109,"	"
133,"	"
163,"	"
109,"	"
116,"	"
108,"	"
150,"	"
138,"	"
105,"	"
107,"	"
110,"	"
96,"	"
546,"	"
106,"	"
125,"	"
90,"	"
159,"	"
85,"	"
142,"	"
110,"	"
111,"	"
81,"	"
70,"	"
105,"	"
127,"	"
106,"	"
109,"	"
89,"	"
107,"	"
110,"	"
147,"	"
118,"	"
134,"	"
121,"	"
505,"	"
153,"	"
130,"	"
104,"	"
75,"	"
101,"	"
150,"	"
71,"	"
99,"	"
122,"	"
75,"	"
70,"	"
122,"	"
98,"	"
119,"	"
148,"	"
110,"	"
106,"	"
120,"	"
127,"	"
109,"	"
102,"	"
133,"	"
86,"	"
141,"	"
129,"	"
83,"	"
73,"	"
108,"	"
73,"	"
121,"	"
76,"	"
123,"	"
145,"	"
74,"	"
103,"	"
160,"	"
73,"	"
97,"	"
129,"	"
89,"	"
128,"	"
112,"	"
112,"	"
95,"	"
153,"	"
105,"	"
133,"	"
87,"	"
218,"	"
114,"	"
165,"	"
74,"	"
134,"	"
106,"	"
106,"	"
114,"	"
112,"	"
120,"	"
94,"	"
109,"	"
98,"	"
128,"	"
89,"	"
110,"	"
74,"	"
108,"	"
122,"	"
279,"	"
99,"	"
122,"	"
74,"	"
78,"	"
158,"	"
122,"	"
75,"	"
75,"	"
108,"	"
122,"	"
147,"	"
111,"	"
70,"	"
98,"	"
107,"	"
95,"	"
110,"	"
111,"	"
106,"	"
155,"	"
113,"	"
110,"	"
108,"	"
106,"	"
110,"	"
110,"	"
109,"	"
115,"	"
74,"	"
96,"	"
68,"	"
102,"	"
100,"	"
691,"	"
78,"	"
93,"	"
147,"	"
70,"	"
117,"	"
132,"	"
104,"	"
123,"	"
101,"	"
108,"	"
111,"	"
116,"	"
122,"	"
197,"	"
109,"	"
114,"	"
112,"	"
107,"	"
102,"	"
74,"	"
102,"	"
88,"	"
107,"	"
106,"	"
72,"	"
109,"	"
78,"	"
113,"	"
207,"	"
309,"	"
106,"	"
146,"	"
118,"	"
94,"	"
96,"	"
113,"	"
116,"	"
104,"	"
135,"	"
70,"	"
124,"	"
109,"	"
74,"	"
122,"	"
115,"	"
88,"	"
107,"	"
122,"	"
74,"	"
120,"	"
74,"	"
109,"	"
105,"	"
81,"	"
113,"	"
120,"	"
111,"	"
307,"	"
107,"	"
79,"	"
75,"	"
113,"	"
106,"	"
109,"	"
98,"	"
112,"	"
114,"	"
112,"	"
155,"	"
162,"	"
106,"	"
125,"	"
71,"	"
104,"	"
118,"	"
83,"	"
129,"	"
86,"	"
126,"	"
143,"	"
110,"	"
89,"	"
133,"	"
77,"	"
78,"	"
86,"	"
102,"	"
108,"	"
74,"	"
74,"	"
121,"	"
108,"	"
579,"	"
81,"	"
94,"	"
102,"	"
81,"	"
90,"	"
107,"	"
102,"	"
119,"	"
109,"	"
91,"	"
134,"	"
97,"	"
116,"	"
147,"	"
157,"	"
148,"	"
127,"	"
98,"	"
99,"	"
108,"	"
131,"	"
93,"	"
106,"	"
105,"	"
106,"	"
112,"	"
94,"	"
101,"	"
98,"	"
106,"	"
89,"	"
114,"	"
100,"	"
144,"	"
112,"	"
124,"	"
116,"	"
464,"	"
115,"	"
125,"	"
88,"	"
158,"	"
107,"	"
120,"	"
116,"	"
117,"	"
110,"	"
99,"	"
109,"	"
117,"	"
112,"	"
103,"	"
107,"	"
121,"	"
109,"	"
70,"	"
109,"	"
147,"	"
72,"	"
122,"	"
74,"	"
121,"	"
150,"	"
90,"	"
90,"	"
105,"	"
110,"	"
74,"	"
140,"	"
128,"	"
100,"	"
101,"	"
141,"	"
149,"	"
117,"	"
112,"	"
114,"	"
96,"	"
82,"	"
113,"	"
115,"	"
99,"	"
120,"	"
112,"	"
100,"	"
104,"	"
93,"	"
116,"	"
97,"	"
145,"	"
143,"	"
146,"	"
114,"	"
76,"	"
109,"	"
113,"	"
107,"	"
130,"	"
110,"	"
108,"	"
100,"	"
75,"	"
134,"	"
175,"	"
107,"	"
138,"	"
88,"	"
106,"	"
204,"	"
109,"	"
81,"	"
111,"	"
117,"	"
101,"	"
94,"	"
78,"	"
97,"	"
88,"	"
110,"	"
104,"	"
72,"	"
116,"	"
118,"	"
109,"	"
131,"	"
73,"	"
127,"	"
106,"	"
106,"	"
112,"	"
107,"	"
99,"	"
156,"	"
151,"	"
110,"	"
105,"	"
123,"	"
110,"	"
111,"	"
96,"	"
134,"	"
75,"	"
124,"	"
142,"	"
106,"	"
102,"	"
173,"	"
106,"	"
73,"	"
75,"	"
104,"	"
71,"	"
208,"	"
107,"	"
119,"	"
93,"	"
97,"	"
88,"	"
75,"	"
72,"	"
121,"	"
161,"	"
99,"	"
96,"	"
99,"	"
127,"	"
138,"	"
113,"	"
108,"	"
112,"	"
140,"	"
119,"	"
124,"	"
107,"	"
107,"	"
95,"	"
83,"	"
78,"	"
102,"	"
109,"	"
127,"	"
113,"	"
108,"	"
108,"	"
124,"	"
101,"	"
103,"	"
109,"	"
103,"	"
90,"	"
126,"	"
76,"	"
151,"	"
112,"	"
120,"	"
108,"	"
108,"	"
117,"	"
110,"	"
110,"	"
122,"	"
135,"	"
74,"	"
124,"	"
116,"	"
108,"	"
96,"	"
96,"	"
133,"	"
72,"	"
714,"	"
109,"	"
143,"	"
125,"	"
97,"	"
102,"	"
109,"	"
96,"	"
114,"	"
130,"	"
89,"	"
136,"	"
95,"	"
97,"	"
112,"	"
110,"	"
145,"	"
158,"	"
101,"	"
105,"	"
73,"	"
122,"	"
114,"	"
128,"	"
140,"	"
101,"	"
123,"	"
111,"	"
126,"	"
101,"	"
122,"	"
146,"	"
112,"	"
139,"	"
89,"	"
116,"	"
122,"	"
132,"	"
125,"	"
106,"	"
109,"	"
73,"	"
84,"	"
126,"	"
132,"	"
110,"	"
111,"	"
107,"	"
110,"	"
129,"	"
115,"	"
130,"	"
141,"	"
110,"	"
120,"	"
119,"	"
100,"	"
88,"	"
153,"	"
96,"	"
98,"	"
85,"	"
96,"	"
122,"	"
74,"	"
73,"	"
110,"	"
119,"	"
104,"	"
141,"	"
93,"	"
106,"	"
121,"	"
120,"	"
101,"	"
128,"	"
102,"	"
72,"	"
103,"	"
100,"	"
74,"	"
107,"	"
127,"	"
98,"	"
105,"	"
87,"	"
155,"	"
493,"	"
108,"	"
100,"	"
128,"	"
142,"	"
111,"	"
107,"	"
110,"	"
159,"	"
174,"	"
103,"	"
72,"	"
79,"	"
148,"	"
121,"	"
120,"	"
108,"	"
117,"	"
208,"	"
125,"	"
108,"	"
80,"	"
106,"	"
98,"	"
111,"	"
111,"	"
117,"	"
100,"	"
143,"	"
115,"	"
113,"	"
99,"	"
132,"	"
84,"	"
180,"	"
120,"	"
76,"	"
100,"	"
129,"	"
105,"	"
112,"	"
115,"	"
111,"	"
81,"	"
132,"	"
124,"	"
116,"	"
118,"	"
100,"	"
116,"	"
83,"	"
122,"	"
110,"	"
101,"	"
110,"	"
116,"	"
109,"	"
124,"	"
107,"	"
71,"	"
121,"	"
126,"	"
149,"	"
94,"	"
72,"	"
133,"	"
119,"	"
117,"	"
497,"	"
274,"	"
121,"	"
82,"	"
80,"	"
107,"	"
94,"	"
109,"	"
705,"	"
147,"	"
146,"	"
112,"	"
79,"	"
175,"	"
74,"	"
81,"	"
112,"	"
110,"	"
110,"	"
114,"	"
105,"	"
76,"	"
101,"	"
74,"	"
134,"	"
102,"	"
71,"	"
74,"	"
114,"	"
131,"	"
71,"	"
108,"	"
127,"	"
121,"	"
125,"	"
137,"	"
99,"	"
118,"	"
121,"	"
100,"	"
93,"	"
107,"	"
124,"	"
128,"	"
103,"	"
106,"	"
143,"	"
98,"	"
120,"	"
110,"	"
107,"	"
122,"	"
112,"	"
99,"	"
120,"	"
80,"	"
109,"	"
96,"	"
112,"	"
111,"	"
119,"	"
234,"	"
107,"	"
139,"	"
111,"	"
74,"	"
103,"	"
75,"	"
107,"	"
80,"	"
118,"	"
83,"	"
99,"	"
106,"	"
123,"	"
118,"	"
127,"	"
103,"	"
95,"	"
107,"	"
159,"	"
111,"	"
110,"	"
121,"	"
136,"	"
116,"	"
119,"	"
95,"	"
153,"	"
101,"	"
110,"	"
122,"	"
111,"	"
99,"	"
74,"	"
102,"	"
95,"	"
142,"	"
112,"	"
131,"	"
159,"	"
88,"	"
89,"	"
112,"	"
122,"	"
76,"	"
107,"	"
75,"	"
109,"	"
118,"	"
76,"	"
119,"	"
100,"	"
97,"	"
89,"	"
118,"	"
194,"	"
150,"	"
102,"	"
111,"	"
107,"	"
104,"	"
684,"	"
115,"	"
74,"	"
108,"	"
125,"	"
111,"	"
111,"	"
86,"	"
143,"	"
103,"	"
80,"	"
94,"	"
95,"	"
76,"	"
155,"	"
145,"	"
120,"	"
71,"	"
100,"	"
74,"	"
110,"	"
110,"	"
119,"	"
127,"	"
74,"	"
378,"	"
130,"	"
97,"	"
100,"	"
204,"	"
83,"	"
74,"	"
98,"	"
114,"	"
95,"	"
162,"	"
122,"	"
116,"	"
75,"	"
95,"	"
103,"	"
89,"	"
149,"	"
127,"	"
103,"	"
107,"	"
122,"	"
112,"	"
119,"	"
123,"	"
110,"	"
101,"	"
106,"	"
98,"	"
106,"	"
72,"	"
113,"	"
143,"	"
102,"	"
75,"	"
79,"	"
99,"	"
120,"	"
74,"	"
158,"	"
71,"	"
147,"	"
96,"	"
127,"	"
117,"	"
75,"	"
124,"	"
137,"	"
100,"	"
121,"	"
113,"	"
110,"	"
114,"	"
144,"	"
72,"	"
86,"	"
107,"	"
118,"	"
112,"	"
82,"	"
72,"	"
73,"	"
120,"	"
136,"	"
116,"	"
111,"	"
148,"	"
114,"	"
130,"	"
106,"	"
144,"	"
110,"	"
73,"	"
112,"	"
122,"	"
128,"	"
98,"	"
104,"	"
168,"	"
73,"	"
72,"	"
67,"	"
96,"	"
91,"	"
109,"	"
74,"	"
109,"	"
90,"	"
105,"	"
107,"	"
104,"	"
90,"	"
106,"	"
106,"	"
110,"	"
75,"	"
74,"	"
96,"	"
75,"	"
129,"	"
130,"	"
112,"	"
121,"	"
190,"	"
112,"	"
78,"	"
151,"	"
146,"	"
73,"	"
114,"	"
110,"	"
109,"	"
82,"	"
105,"	"
129,"	"
89,"	"
110,"	"
108,"	"
117,"	"
75,"	"
75,"	"
108,"	"
103,"	"
101,"	"
106,"	"
105,"	"
95,"	"
105,"	"
94,"	"
118,"	"
108,"	"
78,"	"
126,"	"
88,"	"
74,"	"
146,"	"
137,"	"
107,"	"
97,"	"
202,"	"
146,"	"
137,"	"
109,"	"
100,"	"
100,"	"
115,"	"
134,"	"
118,"	"
99,"	"
117,"	"
91,"	"
71,"	"
103,"	"
174,"	"
100,"	"
90,"	"
108,"	"
85,"	"
120,"	"
123,"	"
75,"	"
96,"	"
123,"	"
71,"	"
109,"	"
114,"	"
116,"	"
108,"	"
106,"	"
120,"	"
129,"	"
112,"	"
122,"	"
200,"	"
106,"	"
423,"	"
96,"	"
74,"	"
117,"	"
83,"	"
121,"	"
102,"	"
122,"	"
127,"	"
93,"	"
106,"	"
324,"	"
130,"	"
72,"	"
114,"	"
128,"	"
150,"	"
100,"	"
103,"	"
106,"	"
90,"	"
109,"	"
70,"	"
124,"	"
155,"	"
107,"	"
116,"	"
114,"	"
105,"	"
146,"	"
147,"	"
75,"	"
76,"	"
106,"	"
75,"	"
116,"	"
118,"	"
108,"	"
129,"	"
78,"	"
108,"	"
112,"	"
99,"	"
101,"	"
120,"	"
103,"	"
154,"	"
72,"	"
120,"	"
116,"	"
138,"	"
119,"	"
110,"	"
97,"	"
119,"	"
112,"	"
123,"	"
98,"	"
141,"	"
120,"	"
79,"	"
130,"	"
74,"	"
124,"	"
108,"	"
102,"	"
123,"	"
145,"	"
73,"	"
121,"	"
119,"	"
129,"	"
119,"	"
110,"	"
107,"	"
119,"	"
124,"	"
141,"	"
72,"	"
71,"	"
682,"	"
147,"	"
98,"	"
146,"	"
127,"	"
144,"	"
75,"	"
98,"	"
108,"	"
106,"	"
118,"	"
108,"	"
99,"	"
76,"	"
76,"	"
165,"	"
126,"	"
120,"	"
155,"	"
72,"	"
140,"	"
139,"	"
145,"	"
101,"	"
121,"	"
108,"	"
100,"	"
105,"	"
74,"	"
71,"	"
150,"	"
100,"	"
101,"	"
117,"	"
158,"	"
86,"	"
112,"	"
98,"	"
145,"	"
104,"	"
75,"	"
122,"	"
112,"	"
105,"	"
123,"	"
95,"	"
103,"	"
153,"	"
123,"	"
112,"	"
73,"	"
121,"	"
135,"	"
85,"	"
104,"	"
70,"	"
110,"	"
140,"	"
117,"	"
105,"	"
126,"	"
106,"	"
122,"	"
109,"	"
102,"	"
74,"	"
134,"	"
114,"	"
136,"	"
109,"	"
117,"	"
128,"	"
111,"	"
109,"	"
80,"	"
111,"	"
103,"	"
123,"	"
95,"	"
146,"	"
73,"	"
142,"	"
541,"	"
96,"	"
117,"	"
103,"	"
105,"	"
107,"	"
122,"	"
82,"	"
98,"	"
102,"	"
134,"	"
104,"	"
100,"	"
138,"	"
105,"	"
83,"	"
102,"	"
131,"	"
126,"	"
124,"	"
111,"	"
82,"	"
73,"	"
82,"	"
118,"	"
96,"	"
100,"	"
148,"	"
157,"	"
88,"	"
152,"	"
129,"	"
151,"	"
112,"	"
118,"	"
119,"	"
117,"	"
147,"	"
79,"	"
111,"	"
109,"	"
124,"	"
97,"	"
111,"	"
107,"	"
117,"	"
106,"	"
72,"	"
74,"	"
121,"	"
82,"	"
117,"	"
121,"	"
124,"	"
103,"	"
98,"	"
128,"	"
117,"	"
115,"	"
106,"	"
108,"	"
90,"	"
129,"	"
112,"	"
74,"	"
73,"	"
121,"	"
130,"	"
133,"	"
104,"	"
111,"	"
105,"	"
75,"	"
111,"	"
71,"	"
125,"	"
128,"	"
82,"	"
133,"	"
155,"	"
106,"	"
74,"	"
77,"	"
114,"	"
72,"	"
72,"	"
92,"	"
105,"	"
104,"	"
110,"	"
106,"	"
74,"	"
80,"	"
74,"	"
72,"	"
139,"	"
112,"	"
122,"	"
75,"	"
128,"	"
99,"	"
103,"	"
72,"	"
102,"	"
111,"	"
75,"	"
109,"	"
71,"	"
99,"	"
72,"	"
445,"	"
103,"	"
100,"	"
107,"	"
158,"	"
105,"	"
103,"	"
158,"	"
98,"	"
160,"	"
147,"	"
100,"	"
109,"	"
109,"	"
78,"	"
95,"	"
118,"	"
112,"	"
75,"	"
112,"	"
118,"	"
126,"	"
115,"	"
139,"	"
104,"	"
173,"	"
136,"	"
110,"	"
82,"	"
108,"	"
120,"	"
150,"	"
121,"	"
128,"	"
106,"	"
115,"	"
118,"	"
115,"	"
151,"	"
74,"	"
91,"	"
73,"	"
71,"	"
117,"	"
133,"	"
90,"	"
120,"	"
112,"	"
136,"	"
76,"	"
119,"	"
116,"	"
99,"	"
77,"	"
89,"	"
107,"	"
113,"	"
116,"	"
130,"	"
69,"	"
124,"	"
138,"	"
121,"	"
78,"	"
77,"	"
95,"	"
130,"	"
97,"	"
107,"	"
99,"	"
112,"	"
74,"	"
150,"	"
94,"	"
72,"	"
99,"	"
129,"	"
98,"	"
116,"	"
106,"	"
109,"	"
142,"	"
114,"	"
123,"	"
129,"	"
98,"	"
78,"	"
96,"	"
106,"	"
77,"	"
122,"	"
273,"	"
78,"	"
122,"	"
116,"	"
117,"	"
117,"	"
139,"	"
110,"	"
73,"	"
95,"	"
88,"	"
87,"	"
109,"	"
158,"	"
118,"	"
110,"	"
86,"	"
134,"	"
125,"	"
82,"	"
96,"	"
160,"	"
73,"	"
96,"	"
112,"	"
75,"	"
152,"	"
116,"	"
111,"	"
123,"	"
129,"	"
90,"	"
95,"	"
72,"	"
121,"	"
102,"	"
98,"	"
116,"	"
111,"	"
81,"	"
121,"	"
102,"	"
100,"	"
108,"	"
75,"	"
100,"	"
105,"	"
99,"	"
193,"	"
129,"	"
142,"	"
105,"	"
102,"	"
85,"	"
106,"	"
90,"	"
111,"	"
123,"	"
107,"	"
119,"	"
140,"	"
97,"	"
72,"	"
72,"	"
73,"	"
125,"	"
110,"	"
138,"	"
112,"	"
133,"	"
91,"	"
105,"	"
111,"	"
119,"	"
143,"	"
88,"	"
106,"	"
75,"	"
110,"	"
99,"	"
133,"	"
112,"	"
135,"	"
144,"	"
126,"	"
134,"	"
68,"	"
76,"	"
119,"	"
105,"	"
146,"	"
103,"	"
119,"	"
161,"	"
98,"	"
71,"	"
132,"	"
107,"	"
74,"	"
151,"	"
108,"	"
110,"	"
146,"	"
131,"	"
118,"	"
137,"	"
122,"	"
107,"	"
106,"	"
121,"	"
122,"	"
72,"	"
129,"	"
150,"	"
76,"	"
117,"	"
112,"	"
131,"	"
126,"	"
120,"	"
120,"	"
93,"	"
107,"	"
115,"	"
110,"	"
117,"	"
106,"	"
106,"	"
103,"	"
107,"	"
137,"	"
119,"	"
107,"	"
99,"	"
101,"	"
153,"	"
75,"	"
97,"	"
74,"	"
88,"	"
103,"	"
138,"	"
95,"	"
122,"	"
105,"	"
106,"	"
139,"	"
107,"	"
79,"	"
74,"	"
78,"	"
112,"	"
147,"	"
106,"	"
151,"	"
159,"	"
133,"	"
158,"	"
112,"	"
206,"	"
111,"	"
702,"	"
107,"	"
109,"	"
104,"	"
101,"	"
102,"	"
121,"	"
95,"	"
107,"	"
98,"	"
130,"	"
109,"	"
111,"	"
102,"	"
117,"	"
105,"	"
99,"	"
101,"	"
97,"	"
127,"	"
85,"	"
112,"	"
72,"	"
111,"	"
104,"	"
75,"	"
120,"	"
102,"	"
109,"	"
137,"	"
96,"	"
156,"	"
116,"	"
123,"	"
108,"	"
150,"	"
117,"	"
119,"	"
124,"	"
104,"	"
115,"	"
76,"	"
139,"	"
125,"	"
132,"	"
115,"	"
115,"	"
148,"	"
100,"	"
107,"	"
122,"	"
75,"	"
120,"	"
102,"	"
117,"	"
123,"	"
108,"	"
117,"	"
110,"	"
72,"	"
145,"	"
124,"	"
171,"	"
86,"	"
109,"	"
112,"	"
115,"	"
73,"	"
125,"	"
92,"	"
127,"	"
136,"	"
119,"	"
93,"	"
138,"	"
108,"	"
82,"	"
109,"	"
241,"	"
98,"	"
110,"	"
83,"	"
146,"	"
104,"	"
85,"	"
73,"	"
110,"	"
86,"	"
117,"	"
111,"	"
110,"	"
132,"	"
132,"	"
123,"	"
109,"	"
106,"	"
130,"	"
110,"	"
108,"	"
106,"	"
133,"	"
128,"	"
129,"	"
96,"	"
74,"	"
155,"	"
100,"	"
106,"	"
136,"	"
174,"	"
131,"	"
81,"	"
106,"	"
131,"	"
111,"	"
147,"	"
112,"	"
138,"	"
368,"	"
139,"	"
90,"	"
107,"	"
555,"	"
148,"	"
72,"	"
96,"	"
74,"	"
135,"	"
110,"	"
93,"	"
120,"	"
101,"	"
131,"	"
118,"	"
108,"	"
116,"	"
105,"	"
134,"	"
118,"	"
135,"	"
111,"	"
114,"	"
150,"	"
124,"	"
133,"	"
75,"	"
72,"	"
119,"	"
112,"	"
122,"	"
111,"	"
74,"	"
127,"	"
114,"	"
89,"	"
100,"	"
194,"	"
104,"	"
122,"	"
74,"	"
169,"	"
85,"	"
144,"	"
124,"	"
120,"	"
99,"	"
81,"	"
74,"	"
104,"	"
152,"	"
89,"	"
117,"	"
510,"	"
146,"	"
86,"	"
109,"	"
115,"	"
104,"	"
94,"	"
145,"	"
123,"	"
140,"	"
76,"	"
79,"	"
131,"	"
108,"	"
129,"	"
130,"	"
103,"	"
151,"	"
187,"	"
74,"	"
103,"	"
112,"	"
108,"	"
108,"	"
124,"	"
88,"	"
119,"	"
109,"	"
112,"	"
113,"	"
123,"	"
109,"	"
111,"	"
99,"	"
83,"	"
99,"	"
122,"	"
72,"	"
137,"	"
108,"	"
123,"	"
111,"	"
106,"	"
104,"	"
133,"	"
70,"	"
87,"	"
155,"	"
122,"	"
135,"	"
109,"	"
75,"	"
115,"	"
72,"	"
121,"	"
142,"	"
105,"	"
144,"	"
232,"	"
106,"	"
108,"	"
146,"	"
138,"	"
138,"	"
102,"	"
114,"	"
107,"	"
87,"	"
126,"	"
121,"	"
116,"	"
86,"	"
116,"	"
112,"	"
93,"	"
132,"	"
110,"	"
102,"	"
95,"	"
75,"	"
111,"	"
114,"	"
122,"	"
100,"	"
115,"	"
112,"	"
120,"	"
122,"	"
74,"	"
100,"	"
102,"	"
71,"	"
73,"	"
99,"	"
100,"	"
108,"	"
83,"	"
89,"	"
122,"	"
111,"	"
67,"	"
74,"	"
111,"	"
92,"	"
99,"	"
129,"	"
157,"	"
116,"	"
97,"	"
103,"	"
94,"	"
74,"	"
99,"	"
121,"	"
111,"	"
157,"	"
153,"	"
98,"	"
108,"	"
116,"	"
105,"	"
104,"	"
75,"	"
97,"	"
102,"	"
109,"	"
111,"	"
89,"	"
151,"	"
126,"	"
121,"	"
118,"	"
78,"	"
79,"	"
74,"	"
113,"	"
107,"	"
118,"	"
191,"	"
89,"	"
128,"	"
136,"	"
119,"	"
132,"	"
102,"	"
83,"	"
98,"	"
101,"	"
110,"	"
479,"	"
112,"	"
90,"	"
100,"	"
154,"	"
85,"	"
123,"	"
89,"	"
102,"	"
76,"	"
107,"	"
118,"	"
88,"	"
100,"	"
74,"	"
135,"	"
96,"	"
106,"	"
310,"	"
136,"	"
130,"	"
108,"	"
97,"	"
112,"	"
140,"	"
93,"	"
109,"	"
101,"	"
106,"	"
102,"	"
92,"	"
95,"	"
71,"	"
96,"	"
159,"	"
77,"	"
139,"	"
89,"	"
123,"	"
120,"	"
117,"	"
243,"	"
113,"	"
69,"	"
129,"	"
96,"	"
96,"	"
135,"	"
112,"	"
123,"	"
130,"	"
76,"	"
108,"	"
95,"	"
100,"	"
136,"	"
115,"	"
109,"	"
111,"	"
99,"	"
100,"	"
99,"	"
119,"	"
109,"	"
112,"	"
122,"	"
108,"	"
112,"	"
112,"	"
107,"	"
114,"	"
115,"	"
347,"	"
111,"	"
103,"	"
75,"	"
116,"	"
112,"	"
99,"	"
105,"	"
72,"	"
119,"	"
232,"	"
213,"	"
135,"	"
113,"	"
111,"	"
122,"	"
106,"	"
126,"	"
102,"	"
121,"	"
122,"	"
114,"	"
107,"	"
143,"	"
106,"	"
126,"	"
104,"	"
107,"	"
117,"	"
127,"	"
74,"	"
91,"	"
151,"	"
114,"	"
90,"	"
97,"	"
73,"	"
70,"	"
121,"	"
121,"	"
139,"	"
97,"	"
124,"	"
77,"	"
74,"	"
106,"	"
95,"	"
117,"	"
72,"	"
98,"	"
121,"	"
144,"	"
112,"	"
592,"	"
74,"	"
126,"	"
105,"	"
135,"	"
110,"	"
74,"	"
119,"	"
133,"	"
102,"	"
90,"	"
96,"	"
153,"	"
107,"	"
100,"	"
100,"	"
166,"	"
117,"	"
73,"	"
95,"	"
77,"	"
91,"	"
142,"	"
80,"	"
73,"	"
112,"	"
113,"	"
89,"	"
117,"	"
115,"	"
143,"	"
139,"	"
108,"	"
70,"	"
108,"	"
101,"	"
113,"	"
128,"	"
126,"	"
119,"	"
85,"	"
132,"	"
119,"	"
90,"	"
96,"	"
123,"	"
97,"	"
94,"	"
80,"	"
106,"	"
93,"	"
105,"	"
113,"	"
140,"	"
142,"	"
133,"	"
109,"	"
105,"	"
122,"	"
93,"	"
111,"	"
116,"	"
103,"	"
122,"	"
117,"	"
105,"	"
104,"	"
113,"	"
96,"	"
85,"	"
108,"	"
105,"	"
109,"	"
201,"	"
109,"	"
72,"	"
110,"	"
107,"	"
120,"	"
143,"	"
133,"	"
108,"	"
136,"	"
82,"	"
94,"	"
108,"	"
156,"	"
113,"	"
113,"	"
74,"	"
117,"	"
127,"	"
110,"	"
104,"	"
116,"	"
88,"	"
113,"	"
112,"	"
111,"	"
97,"	"
113,"	"
104,"	"
74,"	"
91,"	"
109,"	"
97,"	"
75,"	"
88,"	"
107,"	"
170,"	"
108,"	"
106,"	"
108,"	"
110,"	"
91,"	"
94,"	"
132,"	"
102,"	"
137,"	"
141,"	"
112,"	"
95,"	"
152,"	"
90,"	"
69,"	"
113,"	"
89,"	"
94,"	"
78,"	"
104,"	"
92,"	"
138,"	"
74,"	"
114,"	"
106,"	"
104,"	"
108,"	"
118,"	"
129,"	"
106,"	"
121,"	"
117,"	"
136,"	"
116,"	"
82,"	"
111,"	"
101,"	"
141,"	"
114,"	"
88,"	"
146,"	"
83,"	"
126,"	"
102,"	"
74,"	"
148,"	"
110,"	"
82,"	"
132,"	"
92,"	"
123,"	"
95,"	"
74,"	"
101,"	"
119,"	"
151,"	"
123,"	"
120,"	"
120,"	"
74,"	"
120,"	"
102,"	"
93,"	"
106,"	"
82,"	"
76,"	"
74,"	"
115,"	"
124,"	"
95,"	"
107,"	"
129,"	"
79,"	"
74,"	"
117,"	"
75,"	"
122,"	"
95,"	"
109,"	"
112,"	"
145,"	"
82,"	"
124,"	"
70,"	"
120,"	"
94,"	"
116,"	"
97,"	"
95,"	"
111,"	"
114,"	"
107,"	"
152,"	"
76,"	"
98,"	"
108,"	"
130,"	"
82,"	"
107,"	"
83,"	"
98,"	"
111,"	"
99,"	"
102,"	"
145,"	"
118,"	"
108,"	"
108,"	"
108,"	"
127,"	"
111,"	"
129,"	"
116,"	"
74,"	"
113,"	"
75,"	"
117,"	"
141,"	"
144,"	"
107,"	"
128,"	"
177,"	"
155,"	"
148,"	"
146,"	"
122,"	"
104,"	"
91,"	"
170,"	"
117,"	"
110,"	"
157,"	"
110,"	"
110,"	"
81,"	"
73,"	"
106,"	"
109,"	"
124,"	"
104,"	"
100,"	"
106,"	"
133,"	"
125,"	"
113,"	"
109,"	"
118,"	"
93,"	"
270,"	"
112,"	"
154,"	"
82,"	"
138,"	"
111,"	"
100,"	"
78,"	"
114,"	"
105,"	"
111,"	"
107,"	"
91,"	"
104,"	"
126,"	"
172,"	"
113,"	"
72,"	"
120,"	"
72,"	"
110,"	"
101,"	"
129,"	"
111,"	"
70,"	"
71,"	"
103,"	"
127,"	"
90,"	"
100,"	"
94,"	"
83,"	"
119,"	"
152,"	"
129,"	"
137,"	"
141,"	"
106,"	"
126,"	"
108,"	"
121,"	"
135,"	"
140,"	"
130,"	"
94,"	"
91,"	"
106,"	"
163,"	"
112,"	"
74,"	"
105,"	"
177,"	"
110,"	"
111,"	"
76,"	"
77,"	"
79,"	"
102,"	"
101,"	"
90,"	"
129,"	"
128,"	"
111,"	"
86,"	"
118,"	"
111,"	"
103,"	"
138,"	"
74,"	"
108,"	"
111,"	"
73,"	"
110,"	"
140,"	"
117,"	"
126,"	"
136,"	"
82,"	"
68,"	"
115,"	"
114,"	"
154,"	"
119,"	"
107,"	"
108,"	"
72,"	"
79,"	"
104,"	"
144,"	"
88,"	"
175,"	"
138,"	"
73,"	"
107,"	"
75,"	"
107,"	"
122,"	"
96,"	"
90,"	"
118,"	"
112,"	"
120,"	"
202,"	"
122,"	"
94,"	"
115,"	"
96,"	"
287,"	"
93,"	"
134,"	"
72,"	"
76,"	"
131,"	"
115,"	"
106,"	"
108,"	"
105,"	"
142,"	"
75,"	"
179,"	"
109,"	"
102,"	"
120,"	"
110,"	"
271,"	"
104,"	"
114,"	"
108,"	"
100,"	"
84,"	"
106,"	"
142,"	"
79,"	"
132,"	"
110,"	"
124,"	"
110,"	"
139,"	"
116,"	"
70,"	"
105,"	"
108,"	"
160,"	"
112,"	"
110,"	"
121,"	"
112,"	"
143,"	"
108,"	"
112,"	"
104,"	"
111,"	"
123,"	"
74,"	"
107,"	"
132,"	"
114,"	"
92,"	"
118,"	"
111,"	"
132,"	"
88,"	"
101,"	"
103,"	"
130,"	"
158,"	"
109,"	"
105,"	"
110,"	"
77,"	"
92,"	"
112,"	"
118,"	"
111,"	"
147,"	"
110,"	"
99,"	"
128,"	"
163,"	"
140,"	"
94,"	"
99,"	"
113,"	"
71,"	"
141,"	"
105,"	"
100,"	"
72,"	"
93,"	"
84,"	"
125,"	"
116,"	"
112,"	"
125,"	"
122,"	"
73,"	"
120,"	"
122,"	"
109,"	"
113,"	"
129,"	"
74,"	"
140,"	"
96,"	"
114,"	"
125,"	"
121,"	"
136,"	"
91,"	"
115,"	"
110,"	"
168,"	"
150,"	"
83,"	"
100,"	"
108,"	"
103,"	"
118,"	"
155,"	"
116,"	"
76,"	"
115,"	"
93,"	"
94,"	"
71,"	"
127,"	"
138,"	"
143,"	"
119,"	"
142,"	"
135,"	"
108,"	"
133,"	"
108,"	"
125,"	"
96,"	"
100,"	"
119,"	"
104,"	"
120,"	"
110,"	"
111,"	"
145,"	"
142,"	"
117,"	"
121,"	"
111,"	"
104,"	"
109,"	"
74,"	"
127,"	"
97,"	"
109,"	"
111,"	"
131,"	"
89,"	"
110,"	"
96,"	"
104,"	"
127,"	"
80,"	"
106,"	"
85,"	"
127,"	"
107,"	"
75,"	"
142,"	"
109,"	"
103,"	"
107,"	"
73,"	"
94,"	"
138,"	"
130,"	"
113,"	"
119,"	"
107,"	"
73,"	"
110,"	"
117,"	"
107,"	"
97,"	"
112,"	"
128,"	"
130,"	"
73,"	"
87,"	"
108,"	"
85,"	"
120,"	"
121,"	"
74,"	"
94,"	"
108,"	"
112,"	"
143,"	"
111,"	"
71,"	"
450,"	"
126,"	"
126,"	"
108,"	"
125,"	"
118,"	"
144,"	"
113,"	"
89,"	"
74,"	"
107,"	"
140,"	"
259,"	"
148,"	"
105,"	"
107,"	"
74,"	"
139,"	"
152,"	"
75,"	"
74,"	"
106,"	"
127,"	"
136,"	"
133,"	"
100,"	"
75,"	"
100,"	"
92,"	"
70,"	"
77,"	"
126,"	"
107,"	"
110,"	"
113,"	"
71,"	"
104,"	"
104,"	"
108,"	"
107,"	"
109,"	"
90,"	"
130,"	"
106,"	"
110,"	"
91,"	"
97,"	"
110,"	"
107,"	"
84,"	"
125,"	"
74,"	"
112,"	"
145,"	"
116,"	"
101,"	"
99,"	"
126,"	"
95,"	"
68,"	"
75,"	"
88,"	"
121,"	"
119,"	"
119,"	"
110,"	"
74,"	"
146,"	"
173,"	"
111,"	"
122,"	"
119,"	"
118,"	"
138,"	"
100,"	"
71,"	"
173,"	"
107,"	"
106,"	"
93,"	"
90,"	"
106,"	"
90,"	"
352,"	"
159,"	"
135,"	"
84,"	"
108,"	"
71,"	"
156,"	"
110,"	"
80,"	"
116,"	"
89,"	"
127,"	"
96,"	"
95,"	"
103,"	"
119,"	"
107,"	"
115,"	"
111,"	"
115,"	"
112,"	"
96,"	"
108,"	"
75,"	"
110,"	"
108,"	"
202,"	"
126,"	"
100,"	"
114,"	"
105,"	"
153,"	"
76,"	"
118,"	"
110,"	"
121,"	"
130,"	"
122,"	"
114,"	"
73,"	"
123,"	"
144,"	"
122,"	"
108,"	"
112,"	"
80,"	"
107,"	"
109,"	"
112,"	"
83,"	"
110,"	"
107,"	"
74,"	"
110,"	"
110,"	"
109,"	"
114,"	"
92,"	"
106,"	"
78,"	"
95,"	"
161,"	"
91,"	"
75,"	"
106,"	"
146,"	"
95,"	"
74,"	"
72,"	"
88,"	"
110,"	"
124,"	"
76,"	"
145,"	"
88,"	"
109,"	"
123,"	"
115,"	"
94,"	"
98,"	"
124,"	"
106,"	"
124,"	"
154,"	"
110,"	"
116,"	"
95,"	"
104,"	"
151,"	"
90,"	"
111,"	"
108,"	"
133,"	"
81,"	"
84,"	"
113,"	"
675,"	"
106,"	"
107,"	"
109,"	"
127,"	"
187,"	"
107,"	"
106,"	"
94,"	"
73,"	"
152,"	"
173,"	"
141,"	"
116,"	"
109,"	"
107,"	"
120,"	"
74,"	"
106,"	"
76,"	"
95,"	"
70,"	"
81,"	"
119,"	"
83,"	"
119,"	"
99,"	"
123,"	"
101,"	"
124,"	"
115,"	"
111,"	"
167,"	"
100,"	"
93,"	"
75,"	"
225,"	"
109,"	"
72,"	"
98,"	"
120,"	"
120,"	"
113,"	"
115,"	"
96,"	"
99,"	"
94,"	"
187,"	"
74,"	"
105,"	"
129,"	"
89,"	"
120,"	"
116,"	"
117,"	"
76,"	"
73,"	"
130,"	"
136,"	"
109,"	"
122,"	"
104,"	"
120,"	"
101,"	"
115,"	"
141,"	"
195,"	"
75,"	"
107,"	"
115,"	"
77,"	"
110,"	"
109,"	"
146,"	"
121,"	"
81,"	"
85,"	"
111,"	"
118,"	"
108,"	"
111,"	"
111,"	"
103,"	"
110,"	"
111,"	"
102,"	"
71,"	"
105,"	"
76,"	"
94,"	"
110,"	"
133,"	"
104,"	"
131,"	"
121,"	"
107,"	"
81,"	"
108,"	"
120,"	"
179,"	"
120,"	"
111,"	"
98,"	"
109,"	"
101,"	"
133,"	"
124,"	"
122,"	"
100,"	"
136,"	"
108,"	"
109,"	"
92,"	"
135,"	"
243,"	"
129,"	"
94,"	"
73,"	"
119,"	"
121,"	"
103,"	"
127,"	"
109,"	"
117,"	"
111,"	"
99,"	"
90,"	"
122,"	"
126,"	"
137,"	"
101,"	"
83,"	"
113,"	"
194,"	"
142,"	"
131,"	"
141,"	"
137,"	"
108,"	"
105,"	"
141,"	"
100,"	"
111,"	"
117,"	"
71,"	"
76,"	"
117,"	"
106,"	"
119,"	"
110,"	"
105,"	"
105,"	"
95,"	"
73,"	"
103,"	"
102,"	"
94,"	"
102,"	"
99,"	"
109,"	"
111,"	"
126,"	"
120,"	"
171,"	"
446,"	"
139,"	"
130,"	"
137,"	"
108,"	"
89,"	"
109,"	"
111,"	"
112,"	"
150,"	"
153,"	"
72,"	"
107,"	"
143,"	"
117,"	"
157,"	"
106,"	"
107,"	"
129,"	"
113,"	"
103,"	"
77,"	"
99,"	"
75,"	"
146,"	"
115,"	"
72,"	"
75,"	"
93,"	"
101,"	"
108,"	"
100,"	"
99,"	"
98,"	"
108,"	"
96,"	"
115,"	"
106,"	"
98,"	"
110,"	"
78,"	"
121,"	"
111,"	"
133,"	"
120,"	"
74,"	"
121,"	"
108,"	"
142,"	"
75,"	"
100,"	"
114,"	"
72,"	"
95,"	"
118,"	"
102,"	"
135,"	"
75,"	"
91,"	"
142,"	"
140,"	"
104,"	"
83,"	"
105,"	"
108,"	"
122,"	"
121,"	"
108,"	"
113,"	"
112,"	"
121,"	"
107,"	"
111,"	"
115,"	"
125,"	"
74,"	"
122,"	"
137,"	"
74,"	"
98,"	"
76,"	"
80,"	"
105,"	"
86,"	"
141,"	"
124,"	"
102,"	"
106,"	"
123,"	"
91,"	"
108,"	"
122,"	"
114,"	"
112,"	"
106,"	"
101,"	"
107,"	"
209,"	"
103,"	"
144,"	"
121,"	"
74,"	"
293,"	"
150,"	"
111,"	"
136,"	"
111,"	"
136,"	"
112,"	"
101,"	"
109,"	"
151,"	"
99,"	"
106,"	"
113,"	"
132,"	"
124,"	"
156,"	"
120,"	"
105,"	"
74,"	"
122,"	"
100,"	"
105,"	"
142,"	"
108,"	"
105,"	"
132,"	"
106,"	"
100,"	"
119,"	"
94,"	"
198,"	"
187,"	"
119,"	"
109,"	"
126,"	"
121,"	"
137,"	"
92,"	"
113,"	"
108,"	"
94,"	"
107,"	"
122,"	"
110,"	"
104,"	"
131,"	"
112,"	"
142,"	"
95,"	"
81,"	"
75,"	"
109,"	"
77,"	"
122,"	"
108,"	"
92,"	"
112,"	"
134,"	"
163,"	"
112,"	"
73,"	"
94,"	"
115,"	"
115,"	"
129,"	"
111,"	"
144,"	"
148,"	"
108,"	"
110,"	"
106,"	"
107,"	"
109,"	"
105,"	"
75,"	"
71,"	"
104,"	"
132,"	"
118,"	"
135,"	"
105,"	"
132,"	"
106,"	"
73,"	"
109,"	"
104,"	"
125,"	"
121,"	"
109,"	"
77,"	"
125,"	"
123,"	"
110,"	"
130,"	"
106,"	"
75,"	"
95,"	"
120,"	"
122,"	"
101,"	"
109,"	"
91,"	"
110,"	"
96,"	"
106,"	"
112,"	"
123,"	"
100,"	"
94,"	"
95,"	"
116,"	"
94,"	"
107,"	"
122,"	"
94,"	"
90,"	"
77,"	"
132,"	"
125,"	"
137,"	"
103,"	"
118,"	"
105,"	"
93,"	"
125,"	"
108,"	"
75,"	"
126,"	"
91,"	"
111,"	"
90,"	"
122,"	"
107,"	"
125,"	"
85,"	"
85,"	"
107,"	"
100,"	"
104,"	"
110,"	"
109,"	"
109,"	"
109,"	"
132,"	"
89,"	"
123,"	"
107,"	"
120,"	"
111,"	"
74,"	"
118,"	"
95,"	"
108,"	"
97,"	"
110,"	"
105,"	"
164,"	"
120,"	"
120,"	"
116,"	"
128,"	"
116,"	"
110,"	"
128,"	"
95,"	"
105,"	"
118,"	"
109,"	"
110,"	"
74,"	"
120,"	"
108,"	"
155,"	"
148,"	"
139,"	"
77,"	"
104,"	"
121,"	"
89,"	"
84,"	"
102,"	"
107,"	"
130,"	"
118,"	"
106,"	"
115,"	"
97,"	"
109,"	"
135,"	"
149,"	"
104,"	"
75,"	"
93,"	"
120,"	"
71,"	"
124,"	"
93,"	"
119,"	"
158,"	"
106,"	"
109,"	"
100,"	"
73,"	"
109,"	"
71,"	"
99,"	"
74,"	"
114,"	"
101,"	"
107,"	"
150,"	"
144,"	"
108,"	"
121,"	"
143,"	"
113,"	"
384,"	"
121,"	"
109,"	"
112,"	"
107,"	"
121,"	"
87,"	"
112,"	"
118,"	"
93,"	"
138,"	"
71,"	"
125,"	"
514,"	"
124,"	"
94,"	"
109,"	"
108,"	"
139,"	"
126,"	"
106,"	"
135,"	"
70,"	"
107,"	"
129,"	"
110,"	"
111,"	"
158,"	"
138,"	"
110,"	"
140,"	"
131,"	"
107,"	"
110,"	"
73,"	"
143,"	"
72,"	"
100,"	"
104,"	"
94,"	"
106,"	"
135,"	"
132,"	"
73,"	"
106,"	"
141,"	"
122,"	"
74,"	"
92,"	"
152,"	"
69,"	"
127,"	"
117,"	"
144,"	"
117,"	"
92,"	"
116,"	"
135,"	"
74,"	"
166,"	"
125,"	"
107,"	"
110,"	"
103,"	"
105,"	"
119,"	"
87,"	"
109,"	"
104,"	"
121,"	"
121,"	"
129,"	"
117,"	"
97,"	"
97,"	"
109,"	"
110,"	"
105,"	"
104,"	"
142,"	"
115,"	"
71,"	"
108,"	"
167,"	"
96,"	"
144,"	"
105,"	"
107,"	"
83,"	"
99,"	"
123,"	"
127,"	"
115,"	"
148,"	"
137,"	"
74,"	"
94,"	"
115,"	"
80,"	"
116,"	"
133,"	"
90,"	"
101,"	"
93,"	"
112,"	"
114,"	"
107,"	"
99,"	"
83,"	"
96,"	"
100,"	"
137,"	"
114,"	"
119,"	"
163,"	"
109,"	"
74,"	"
89,"	"
110,"	"
192,"	"
110,"	"
91,"	"
111,"	"
82,"	"
102,"	"
113,"	"
94,"	"
122,"	"
140,"	"
75,"	"
496,"	"
98,"	"
100,"	"
111,"	"
106,"	"
161,"	"
79,"	"
106,"	"
143,"	"
97,"	"
118,"	"
77,"	"
88,"	"
74,"	"
105,"	"
107,"	"
137,"	"
111,"	"
95,"	"
94,"	"
140,"	"
132,"	"
92,"	"
108,"	"
120,"	"
119,"	"
115,"	"
127,"	"
150,"	"
100,"	"
110,"	"
121,"	"
117,"	"
106,"	"
73,"	"
163,"	"
100,"	"
112,"	"
114,"	"
109,"	"
77,"	"
127,"	"
109,"	"
76,"	"
100,"	"
129,"	"
82,"	"
75,"	"
110,"	"
109,"	"
114,"	"
278,"	"
86,"	"
123,"	"
132,"	"
107,"	"
114,"	"
108,"	"
118,"	"
103,"	"
115,"	"
110,"	"
108,"	"
151,"	"
106,"	"
124,"	"
72,"	"
113,"	"
98,"	"
73,"	"
121,"	"
97,"	"
110,"	"
99,"	"
107,"	"
72,"	"
418,"	"
119,"	"
96,"	"
77,"	"
112,"	"
124,"	"
198,"	"
110,"	"
112,"	"
107,"	"
125,"	"
134,"	"
96,"	"
91,"	"
74,"	"
95,"	"
96,"	"
111,"	"
105,"	"
131,"	"
76,"	"
110,"	"
98,"	"
111,"	"
100,"	"
123,"	"
97,"	"
93,"	"
118,"	"
121,"	"
119,"	"
76,"	"
101,"	"
105,"	"
109,"	"
115,"	"
113,"	"
95,"	"
103,"	"
74,"	"
106,"	"
383,"	"
121,"	"
107,"	"
99,"	"
100,"	"
106,"	"
91,"	"
105,"	"
109,"	"
111,"	"
111,"	"
156,"	"
79,"	"
109,"	"
109,"	"
120,"	"
113,"	"
104,"	"
123,"	"
128,"	"
116,"	"
116,"	"
113,"	"
88,"	"
498,"	"
109,"	"
107,"	"
126,"	"
113,"	"
141,"	"
143,"	"
82,"	"
109,"	"
117,"	"
122,"	"
133,"	"
110,"	"
71,"	"
91,"	"
114,"	"
123,"	"
121,"	"
86,"	"
105,"	"
115,"	"
128,"	"
117,"	"
103,"	"
109,"	"
128,"	"
117,"	"
156,"	"
75,"	"
121,"	"
103,"	"
108,"	"
118,"	"
119,"	"
87,"	"
100,"	"
107,"	"
74,"	"
74,"	"
73,"	"
77,"	"
104,"	"
106,"	"
118,"	"
98,"	"
94,"	"
122,"	"
106,"	"
99,"	"
86,"	"
108,"	"
104,"	"
88,"	"
120,"	"
136,"	"
131,"	"
130,"	"
117,"	"
98,"	"
85,"	"
95,"	"
107,"	"
108,"	"
103,"	"
111,"	"
83,"	"
75,"	"
110,"	"
105,"	"
97,"	"
97,"	"
126,"	"
108,"	"
123,"	"
133,"	"
93,"	"
124,"	"
140,"	"
108,"	"
101,"	"
100,"	"
124,"	"
109,"	"
125,"	"
106,"	"
89,"	"
121,"	"
92,"	"
107,"	"
76,"	"
110,"	"
111,"	"
95,"	"
114,"	"
114,"	"
156,"	"
82,"	"
75,"	"
120,"	"
74,"	"
81,"	"
129,"	"
89,"	"
109,"	"
81,"	"
117,"	"
139,"	"
127,"	"
114,"	"
244,"	"
99,"	"
137,"	"
110,"	"
106,"	"
112,"	"
95,"	"
110,"	"
104,"	"
114,"	"
132,"	"
110,"	"
108,"	"
100,"	"
135,"	"
122,"	"
95,"	"
100,"	"
112,"	"
136,"	"
133,"	"
75,"	"
122,"	"
158,"	"
79,"	"
151,"	"
140,"	"
103,"	"
145,"	"
125,"	"
91,"	"
74,"	"
107,"	"
109,"	"
92,"	"
155,"	"
75,"	"
162,"	"
148,"	"
116,"	"
72,"	"
74,"	"
108,"	"
113,"	"
108,"	"
111,"	"
77,"	"
111,"	"
133,"	"
74,"	"
127,"	"
112,"	"
83,"	"
92,"	"
92,"	"
86,"	"
97,"	"
99,"	"
119,"	"
110,"	"
106,"	"
135,"	"
109,"	"
109,"	"
95,"	"
120,"	"
112,"	"
137,"	"
108,"	"
122,"	"
132,"	"
72,"	"
146,"	"
114,"	"
75,"	"
107,"	"
123,"	"
109,"	"
114,"	"
96,"	"
109,"	"
112,"	"
91,"	"
122,"	"
105,"	"
111,"	"
93,"	"
106,"	"
107,"	"
106,"	"
105,"	"
107,"	"
95,"	"
120,"	"
110,"	"
98,"	"
111,"	"
100,"	"
167,"	"
126,"	"
117,"	"
77,"	"
159,"	"
102,"	"
109,"	"
111,"	"
125,"	"
127,"	"
127,"	"
77,"	"
109,"	"
145,"	"
109,"	"
109,"	"
119,"	"
149,"	"
75,"	"
117,"	"
117,"	"
108,"	"
97,"	"
90,"	"
119,"	"
133,"	"
118,"	"
121,"	"
96,"	"
122,"	"
74,"	"
86,"	"
106,"	"
109,"	"
110,"	"
190,"	"
106,"	"
139,"	"
76,"	"
109,"	"
118,"	"
107,"	"
93,"	"
95,"	"
117,"	"
110,"	"
121,"	"
150,"	"
139,"	"
137,"	"
98,"	"
129,"	"
121,"	"
78,"	"
74,"	"
151,"	"
122,"	"
107,"	"
147,"	"
106,"	"
110,"	"
108,"	"
111,"	"
128,"	"
99,"	"
108,"	"
88,"	"
144,"	"
97,"	"
104,"	"
104,"	"
121,"	"
121,"	"
71,"	"
96,"	"
72,"	"
103,"	"
110,"	"
98,"	"
110,"	"
108,"	"
148,"	"
117,"	"
76,"	"
148,"	"
104,"	"
159,"	"
123,"	"
108,"	"
102,"	"
88,"	"
120,"	"
83,"	"
108,"	"
110,"	"
122,"	"
142,"	"
138,"	"
113,"	"
111,"	"
127,"	"
107,"	"
100,"	"
94,"	"
95,"	"
105,"	"
108,"	"
77,"	"
121,"	"
74,"	"
74,"	"
108,"	"
112,"	"
124,"	"
119,"	"
236,"	"
126,"	"
100,"	"
144,"	"
145,"	"
109,"	"
114,"	"
164,"	"
124,"	"
111,"	"
68,"	"
68,"	"
124,"	"
99,"	"
116,"	"
99,"	"
90,"	"
167,"	"
116,"	"
77,"	"
114,"	"
144,"	"
104,"	"
178,"	"
95,"	"
113,"	"
122,"	"
72,"	"
152,"	"
111,"	"
109,"	"
97,"	"
103,"	"
115,"	"
100,"	"
137,"	"
93,"	"
124,"	"
101,"	"
122,"	"
103,"	"
112,"	"
95,"	"
84,"	"
126,"	"
87,"	"
85,"	"
108,"	"
110,"	"
143,"	"
166,"	"
125,"	"
70,"	"
86,"	"
111,"	"
115,"	"
124,"	"
75,"	"
114,"	"
139,"	"
94,"	"
154,"	"
115,"	"
72,"	"
108,"	"
120,"	"
71,"	"
126,"	"
108,"	"
136,"	"
104,"	"
111,"	"
75,"	"
109,"	"
75,"	"
146,"	"
74,"	"
105,"	"
74,"	"
94,"	"
123,"	"
120,"	"
138,"	"
123,"	"
79,"	"
110,"	"
122,"	"
139,"	"
108,"	"
133,"	"
131,"	"
104,"	"
98,"	"
124,"	"
103,"	"
97,"	"
107,"	"
115,"	"
115,"	"
139,"	"
109,"	"
158,"	"
74,"	"
106,"	"
159,"	"
110,"	"
107,"	"
110,"	"
104,"	"
94,"	"
82,"	"
78,"	"
106,"	"
95,"	"
87,"	"
119,"	"
88,"	"
108,"	"
99,"	"
92,"	"
148,"	"
123,"	"
85,"	"
117,"	"
95,"	"
113,"	"
71,"	"
98,"	"
93,"	"
118,"	"
101,"	"
158,"	"
69,"	"
105,"	"
115,"	"
107,"	"
107,"	"
121,"	"
127,"	"
77,"	"
143,"	"
75,"	"
80,"	"
107,"	"
120,"	"
96,"	"
119,"	"
135,"	"
71,"	"
144,"	"
107,"	"
146,"	"
110,"	"
90,"	"
111,"	"
93,"	"
97,"	"
118,"	"
116,"	"
122,"	"
129,"	"
128,"	"
135,"	"
82,"	"
139,"	"
74,"	"
160,"	"
97,"	"
122,"	"
107,"	"
222,"	"
114,"	"
114,"	"
75,"	"
106,"	"
122,"	"
101,"	"
420,"	"
112,"	"
118,"	"
108,"	"
111,"	"
101,"	"
116,"	"
104,"	"
121,"	"
110,"	"
107,"	"
100,"	"
107,"	"
94,"	"
107,"	"
105,"	"
106,"	"
108,"	"
116,"	"
122,"	"
115,"	"
106,"	"
98,"	"
92,"	"
127,"	"
123,"	"
93,"	"
74,"	"
138,"	"
107,"	"
125,"	"
129,"	"
149,"	"
75,"	"
121,"	"
109,"	"
116,"	"
140,"	"
109,"	"
160,"	"
107,"	"
125,"	"
107,"	"
99,"	"
109,"	"
151,"	"
167,"	"
75,"	"
106,"	"
108,"	"
123,"	"
124,"	"
73,"	"
115,"	"
109,"	"
128,"	"
194,"	"
72,"	"
71,"	"
131,"	"
107,"	"
74,"	"
83,"	"
117,"	"
88,"	"
164,"	"
110,"	"
81,"	"
105,"	"
150,"	"
119,"	"
96,"	"
74,"	"
81,"	"
93,"	"
89,"	"
131,"	"
72,"	"
99,"	"
94,"	"
101,"	"
106,"	"
112,"	"
83,"	"
106,"	"
115,"	"
132,"	"
133,"	"
69,"	"
83,"	"
99,"	"
98,"	"
121,"	"
109,"	"
111,"	"
117,"	"
125,"	"
139,"	"
100,"	"
107,"	"
75,"	"
94,"	"
147,"	"
110,"	"
125,"	"
112,"	"
136,"	"
116,"	"
99,"	"
79,"	"
137,"	"
118,"	"
117,"	"
107,"	"
102,"	"
116,"	"
144,"	"
100,"	"
114,"	"
124,"	"
103,"	"
105,"	"
96,"	"
110,"	"
107,"	"
102,"	"
106,"	"
111,"	"
130,"	"
119,"	"
140,"	"
105,"	"
75,"	"
76,"	"
94,"	"
107,"	"
83,"	"
190,"	"
265,"	"
110,"	"
145,"	"
111,"	"
126,"	"
122,"	"
109,"	"
103,"	"
109,"	"
119,"	"
105,"	"
75,"	"
108,"	"
73,"	"
101,"	"
119,"	"
157,"	"
110,"	"
152,"	"
149,"	"
107,"	"
95,"	"
107,"	"
74,"	"
102,"	"
95,"	"
73,"	"
114,"	"
88,"	"
119,"	"
88,"	"
119,"	"
101,"	"
131,"	"
123,"	"
118,"	"
113,"	"
74,"	"
149,"	"
111,"	"
123,"	"
88,"	"
73,"	"
121,"	"
133,"	"
101,"	"
112,"	"
142,"	"
94,"	"
126,"	"
130,"	"
72,"	"
130,"	"
75,"	"
95,"	"
117,"	"
126,"	"
136,"	"
87,"	"
88,"	"
127,"	"
118,"	"
123,"	"
104,"	"
107,"	"
109,"	"
93,"	"
111,"	"
90,"	"
88,"	"
111,"	"
132,"	"
119,"	"
124,"	"
103,"	"
75,"	"
92,"	"
102,"	"
107,"	"
98,"	"
120,"	"
72,"	"
107,"	"
101,"	"
125,"	"
76,"	"
68,"	"
142,"	"
107,"	"
71,"	"
109,"	"
70,"	"
111,"	"
108,"	"
110,"	"
101,"	"
109,"	"
112,"	"
105,"	"
136,"	"
93,"	"
131,"	"
133,"	"
74,"	"
136,"	"
99,"	"
106,"	"
107,"	"
110,"	"
115,"	"
136,"	"
144,"	"
116,"	"
126,"	"
131,"	"
94,"	"
74,"	"
120,"	"
106,"	"
105,"	"
95,"	"
195,"	"
110,"	"
89,"	"
104,"	"
118,"	"
111,"	"
144,"	"
107,"	"
111,"	"
94,"	"
154,"	"
74,"	"
107,"	"
111,"	"
107,"	"
77,"	"
106,"	"
125,"	"
124,"	"
140,"	"
135,"	"
133,"	"
132,"	"
143,"	"
108,"	"
74,"	"
140,"	"
108,"	"
93,"	"
76,"	"
106,"	"
109,"	"
86,"	"
74,"	"
74,"	"
71,"	"
106,"	"
96,"	"
95,"	"
112,"	"
81,"	"
107,"	"
98,"	"
109,"	"
115,"	"
138,"	"
108,"	"
106,"	"
145,"	"
108,"	"
135,"	"
107,"	"
136,"	"
99,"	"
123,"	"
74,"	"
146,"	"
135,"	"
120,"	"
109,"	"
94,"	"
112,"	"
110,"	"
74,"	"
100,"	"
70,"	"
74,"	"
135,"	"
73,"	"
111,"	"
121,"	"
72,"	"
119,"	"
120,"	"
75,"	"
162,"	"
99,"	"
104,"	"
157,"	"
125,"	"
462,"	"
79,"	"
124,"	"
124,"	"
107,"	"
129,"	"
138,"	"
77,"	"
125,"	"
110,"	"
147,"	"
106,"	"
125,"	"
152,"	"
71,"	"
125,"	"
127,"	"
100,"	"
111,"	"
156,"	"
127,"	"
121,"	"
136,"	"
110,"	"
103,"	"
103,"	"
123,"	"
122,"	"
72,"	"
114,"	"
73,"	"
108,"	"
119,"	"
121,"	"
107,"	"
103,"	"
170,"	"
74,"	"
111,"	"
90,"	"
76,"	"
125,"	"
120,"	"
71,"	"
122,"	"
112,"	"
139,"	"
137,"	"
106,"	"
108,"	"
111,"	"
109,"	"
166,"	"
73,"	"
86,"	"
93,"	"
96,"	"
76,"	"
122,"	"
106,"	"
116,"	"
114,"	"
113,"	"
106,"	"
78,"	"
89,"	"
141,"	"
73,"	"
81,"	"
122,"	"
70,"	"
91,"	"
79,"	"
119,"	"
74,"	"
130,"	"
96,"	"
97,"	"
104,"	"
73,"	"
116,"	"
74,"	"
85,"	"
79,"	"
139,"	"
73,"	"
96,"	"
97,"	"
105,"	"
112,"	"
108,"	"
113,"	"
93,"	"
110,"	"
121,"	"
76,"	"
94,"	"
88,"	"
114,"	"
103,"	"
117,"	"
715,"	"
155,"	"
122,"	"
109,"	"
113,"	"
108,"	"
108,"	"
121,"	"
70,"	"
113,"	"
112,"	"
112,"	"
74,"	"
124,"	"
102,"	"
109,"	"
134,"	"
109,"	"
74,"	"
123,"	"
120,"	"
108,"	"
101,"	"
121,"	"
88,"	"
103,"	"
102,"	"
114,"	"
95,"	"
103,"	"
115,"	"
124,"	"
93,"	"
106,"	"
107,"	"
128,"	"
109,"	"
133,"	"
129,"	"
110,"	"
89,"	"
106,"	"
100,"	"
239,"	"
137,"	"
74,"	"
81,"	"
118,"	"
110,"	"
92,"	"
113,"	"
112,"	"
94,"	"
89,"	"
73,"	"
123,"	"
124,"	"
111,"	"
111,"	"
85,"	"
156,"	"
143,"	"
115,"	"
77,"	"
90,"	"
119,"	"
121,"	"
107,"	"
111,"	"
425,"	"
110,"	"
99,"	"
139,"	"
114,"	"
107,"	"
123,"	"
100,"	"
111,"	"
107,"	"
109,"	"
78,"	"
103,"	"
100,"	"
126,"	"
101,"	"
93,"	"
104,"	"
132,"	"
193,"	"
79,"	"
89,"	"
122,"	"
149,"	"
100,"	"
80,"	"
80,"	"
98,"	"
90,"	"
80,"	"
71,"	"
110,"	"
112,"	"
117,"	"
162,"	"
157,"	"
125,"	"
118,"	"
87,"	"
127,"	"
149,"	"
135,"	"
119,"	"
133,"	"
74,"	"
112,"	"
75,"	"
104,"	"
75,"	"
113,"	"
120,"	"
102,"	"
104,"	"
151,"	"
99,"	"
139,"	"
119,"	"
119,"	"
133,"	"
90,"	"
106,"	"
115,"	"
147,"	"
144,"	"
107,"	"
72,"	"
94,"	"
135,"	"
102,"	"
121,"	"
116,"	"
123,"	"
105,"	"
143,"	"
158,"	"
119,"	"
111,"	"
100,"	"
75,"	"
117,"	"
106,"	"
75,"	"
116,"	"
123,"	"
111,"	"
72,"	"
116,"	"
74,"	"
113,"	"
107,"	"
68,"	"
95,"	"
103,"	"
90,"	"
107,"	"
109,"	"
106,"	"
95,"	"
126,"	"
99,"	"
109,"	"
80,"	"
120,"	"
119,"	"
69,"	"
204,"	"
108,"	"
153,"	"
105,"	"
89,"	"
116,"	"
111,"	"
73,"	"
129,"	"
89,"	"
110,"	"
109,"	"
72,"	"
122,"	"
110,"	"
113,"	"
125,"	"
112,"	"
157,"	"
96,"	"
110,"	"
69,"	"
93,"	"
111,"	"
134,"	"
110,"	"
114,"	"
107,"	"
186,"	"
105,"	"
106,"	"
137,"	"
108,"	"
89,"	"
84,"	"
143,"	"
112,"	"
121,"	"
648,"	"
117,"	"
137,"	"
110,"	"
75,"	"
138,"	"
91,"	"
121,"	"
129,"	"
134,"	"
110,"	"
103,"	"
73,"	"
112,"	"
116,"	"
111,"	"
108,"	"
111,"	"
89,"	"
157,"	"
136,"	"
75,"	"
94,"	"
118,"	"
102,"	"
133,"	"
150,"	"
121,"	"
69,"	"
75,"	"
124,"	"
115,"	"
72,"	"
68,"	"
76,"	"
112,"	"
126,"	"
175,"	"
103,"	"
75,"	"
139,"	"
109,"	"
125,"	"
109,"	"
81,"	"
92,"	"
105,"	"
107,"	"
75,"	"
116,"	"
73,"	"
146,"	"
98,"	"
71,"	"
133,"	"
73,"	"
73,"	"
75,"	"
212,"	"
107,"	"
112,"	"
110,"	"
74,"	"
80,"	"
68,"	"
108,"	"
110,"	"
110,"	"
124,"	"
96,"	"
140,"	"
134,"	"
130,"	"
106,"	"
102,"	"
104,"	"
97,"	"
112,"	"
125,"	"
111,"	"
111,"	"
112,"	"
112,"	"
73,"	"
109,"	"
134,"	"
111,"	"
109,"	"
70,"	"
100,"	"
140,"	"
115,"	"
113,"	"
142,"	"
117,"	"
95,"	"
111,"	"
139,"	"
115,"	"
118,"	"
107,"	"
103,"	"
75,"	"
112,"	"
117,"	"
129,"	"
127,"	"
115,"	"
98,"	"
131,"	"
105,"	"
131,"	"
71,"	"
95,"	"
122,"	"
128,"	"
116,"	"
131,"	"
135,"	"
133,"	"
72,"	"
104,"	"
110,"	"
113,"	"
111,"	"
111,"	"
96,"	"
89,"	"
73,"	"
135,"	"
99,"	"
107,"	"
106,"	"
120,"	"
105,"	"
81,"	"
113,"	"
111,"	"
124,"	"
83,"	"
104,"	"
105,"	"
106,"	"
106,"	"
188,"	"
74,"	"
102,"	"
108,"	"
102,"	"
123,"	"
129,"	"
158,"	"
76,"	"
102,"	"
107,"	"
105,"	"
106,"	"
121,"	"
90,"	"
110,"	"
79,"	"
126,"	"
79,"	"
109,"	"
87,"	"
90,"	"
149,"	"
117,"	"
109,"	"
122,"	"
99,"	"
111,"	"
74,"	"
115,"	"
104,"	"
108,"	"
128,"	"
73,"	"
115,"	"
109,"	"
96,"	"
139,"	"
78,"	"
76,"	"
82,"	"
111,"	"
96,"	"
97,"	"
104,"	"
155,"	"
91,"	"
72,"	"
149,"	"
118,"	"
76,"	"
73,"	"
138,"	"
107,"	"
111,"	"
95,"	"
104,"	"
91,"	"
283,"	"
73,"	"
73,"	"
96,"	"
111,"	"
81,"	"
74,"	"
76,"	"
146,"	"
74,"	"
116,"	"
107,"	"
109,"	"
111,"	"
140,"	"
89,"	"
103,"	"
93,"	"
131,"	"
142,"	"
109,"	"
74,"	"
81,"	"
75,"	"
100,"	"
135,"	"
139,"	"
133,"	"
133,"	"
124,"	"
110,"	"
112,"	"
106,"	"
112,"	"
106,"	"
100,"	"
110,"	"
111,"	"
121,"	"
109,"	"
121,"	"
82,"	"
77,"	"
111,"	"
72,"	"
109,"	"
217,"	"
93,"	"
143,"	"
147,"	"
121,"	"
95,"	"
102,"	"
94,"	"
104,"	"
93,"	"
110,"	"
122,"	"
132,"	"
118,"	"
128,"	"
112,"	"
110,"	"
116,"	"
658,"	"
101,"	"
112,"	"
101,"	"
95,"	"
107,"	"
92,"	"
110,"	"
82,"	"
112,"	"
107,"	"
147,"	"
106,"	"
492,"	"
137,"	"
76,"	"
105,"	"
73,"	"
153,"	"
106,"	"
120,"	"
103,"	"
111,"	"
123,"	"
103,"	"
92,"	"
112,"	"
128,"	"
161,"	"
72,"	"
104,"	"
103,"	"
83,"	"
150,"	"
121,"	"
111,"	"
135,"	"
414,"	"
103,"	"
95,"	"
110,"	"
143,"	"
70,"	"
110,"	"
105,"	"
107,"	"
123,"	"
108,"	"
126,"	"
94,"	"
75,"	"
69,"	"
106,"	"
126,"	"
114,"	"
132,"	"
106,"	"
137,"	"
90,"	"
73,"	"
513,"	"
106,"	"
118,"	"
152,"	"
74,"	"
157,"	"
79,"	"
96,"	"
106,"	"
67,"	"
106,"	"
107,"	"
75,"	"
109,"	"
76,"	"
102,"	"
101,"	"
76,"	"
110,"	"
147,"	"
156,"	"
110,"	"
127,"	"
89,"	"
186,"	"
127,"	"
105,"	"
101,"	"
111,"	"
107,"	"
133,"	"
136,"	"
75,"	"
110,"	"
147,"	"
97,"	"
155,"	"
72,"	"
103,"	"
86,"	"
90,"	"
108,"	"
73,"	"
175,"	"
112,"	"
97,"	"
113,"	"
72,"	"
116,"	"
105,"	"
74,"	"
120,"	"
111,"	"
70,"	"
143,"	"
74,"	"
89,"	"
102,"	"
123,"	"
75,"	"
117,"	"
151,"	"
109,"	"
114,"	"
73,"	"
191,"	"
125,"	"
113,"	"
115,"	"
111,"	"
111,"	"
91,"	"
170,"	"
106,"	"
90,"	"
133,"	"
72,"	"
104,"	"
112,"	"
111,"	"
128,"	"
74,"	"
110,"	"
76,"	"
132,"	"
92,"	"
69,"	"
110,"	"
109,"	"
104,"	"
124,"	"
139,"	"
122,"	"
138,"	"
74,"	"
73,"	"
78,"	"
101,"	"
94,"	"
111,"	"
73,"	"
128,"	"
99,"	"
119,"	"
79,"	"
109,"	"
106,"	"
92,"	"
109,"	"
106,"	"
71,"	"
72,"	"
123,"	"
112,"	"
146,"	"
108,"	"
110,"	"
144,"	"
147,"	"
126,"	"
75,"	"
124,"	"
159,"	"
73,"	"
71,"	"
126,"	"
91,"	"
141,"	"
105,"	"
110,"	"
127,"	"
108,"	"
89,"	"
97,"	"
124,"	"
80,"	"
77,"	"
76,"	"
95,"	"
98,"	"
113,"	"
137,"	"
110,"	"
117,"	"
99,"	"
106,"	"
111,"	"
113,"	"
107,"	"
82,"	"
73,"	"
139,"	"
90,"	"
86,"	"
115,"	"
96,"	"
113,"	"
126,"	"
114,"	"
79,"	"
80,"	"
79,"	"
77,"	"
117,"	"
97,"	"
74,"	"
107,"	"
123,"	"
74,"	"
104,"	"
71,"	"
133,"	"
75,"	"
73,"	"
73,"	"
93,"	"
138,"	"
118,"	"
101,"	"
310,"	"
73,"	"
112,"	"
73,"	"
109,"	"
113,"	"
109,"	"
133,"	"
94,"	"
140,"	"
107,"	"
117,"	"
101,"	"
81,"	"
158,"	"
74,"	"
100,"	"
83,"	"
137,"	"
136,"	"
112,"	"
122,"	"
73,"	"
122,"	"
110,"	"
148,"	"
127,"	"
129,"	"
75,"	"
100,"	"
99,"	"
105,"	"
106,"	"
112,"	"
106,"	"
81,"	"
117,"	"
68,"	"
95,"	"
124,"	"
143,"	"
105,"	"
103,"	"
114,"	"
107,"	"
86,"	"
105,"	"
110,"	"
118,"	"
84,"	"
71,"	"
150,"	"
109,"	"
122,"	"
96,"	"
81,"	"
108,"	"
111,"	"
144,"	"
137,"	"
74,"	"
74,"	"
108,"	"
113,"	"
96,"	"
152,"	"
94,"	"
114,"	"
92,"	"
108,"	"
121,"	"
111,"	"
92,"	"
107,"	"
110,"	"
80,"	"
109,"	"
72,"	"
107,"	"
78,"	"
71,"	"
106,"	"
72,"	"
84,"	"
113,"	"
142,"	"
140,"	"
94,"	"
102,"	"
106,"	"
100,"	"
170,"	"
135,"	"
109,"	"
110,"	"
197,"	"
105,"	"
96,"	"
112,"	"
116,"	"
107,"	"
75,"	"
154,"	"
125,"	"
71,"	"
100,"	"
107,"	"
688,"	"
71,"	"
106,"	"
101,"	"
110,"	"
115,"	"
96,"	"
101,"	"
74,"	"
104,"	"
114,"	"
110,"	"
103,"	"
149,"	"
91,"	"
145,"	"
102,"	"
100,"	"
73,"	"
74,"	"
110,"	"
69,"	"
72,"	"
116,"	"
113,"	"
131,"	"
175,"	"
106,"	"
71,"	"
120,"	"
139,"	"
119,"	"
116,"	"
77,"	"
108,"	"
157,"	"
133,"	"
76,"	"
81,"	"
121,"	"
152,"	"
134,"	"
107,"	"
96,"	"
73,"	"
124,"	"
109,"	"
111,"	"
85,"	"
97,"	"
95,"	"
109,"	"
123,"	"
109,"	"
527,"	"
137,"	"
112,"	"
135,"	"
93,"	"
105,"	"
91,"	"
136,"	"
110,"	"
110,"	"
73,"	"
110,"	"
121,"	"
107,"	"
110,"	"
109,"	"
91,"	"
113,"	"
103,"	"
108,"	"
109,"	"
70,"	"
109,"	"
112,"	"
110,"	"
105,"	"
111,"	"
104,"	"
106,"	"
118,"	"
72,"	"
74,"	"
74,"	"
123,"	"
74,"	"
100,"	"
109,"	"
109,"	"
108,"	"
91,"	"
95,"	"
106,"	"
129,"	"
102,"	"
111,"	"
138,"	"
94,"	"
121,"	"
130,"	"
124,"	"
101,"	"
83,"	"
103,"	"
92,"	"
126,"	"
132,"	"
77,"	"
75,"	"
81,"	"
110,"	"
138,"	"
106,"	"
109,"	"
135,"	"
122,"	"
115,"	"
109,"	"
113,"	"
73,"	"
136,"	"
112,"	"
109,"	"
120,"	"
128,"	"
107,"	"
72,"	"
118,"	"
116,"	"
105,"	"
101,"	"
108,"	"
96,"	"
107,"	"
111,"	"
96,"	"
107,"	"
141,"	"
100,"	"
110,"	"
90,"	"
108,"	"
75,"	"
110,"	"
107,"	"
126,"	"
112,"	"
72,"	"
94,"	"
105,"	"
80,"	"
109,"	"
73,"	"
70,"	"
112,"	"
71,"	"
96,"	"
178,"	"
107,"	"
129,"	"
122,"	"
91,"	"
123,"	"
130,"	"
93,"	"
131,"	"
114,"	"
75,"	"
107,"	"
124,"	"
111,"	"
94,"	"
114,"	"
131,"	"
110,"	"
94,"	"
120,"	"
72,"	"
120,"	"
127,"	"
132,"	"
121,"	"
123,"	"
111,"	"
109,"	"
109,"	"
126,"	"
107,"	"
110,"	"
121,"	"
161,"	"
140,"	"
558,"	"
148,"	"
76,"	"
106,"	"
99,"	"
71,"	"
117,"	"
112,"	"
115,"	"
153,"	"
94,"	"
135,"	"
127,"	"
136,"	"
136,"	"
97,"	"
112,"	"
116,"	"
154,"	"
136,"	"
144,"	"
76,"	"
146,"	"
149,"	"
192,"	"
125,"	"
108,"	"
88,"	"
75,"	"
74,"	"
74,"	"
78,"	"
117,"	"
75,"	"
89,"	"
73,"	"
107,"	"
121,"	"
124,"	"
109,"	"
130,"	"
159,"	"
107,"	"
142,"	"
106,"	"
107,"	"
127,"	"
96,"	"
75,"	"
111,"	"
75,"	"
121,"	"
73,"	"
123,"	"
119,"	"
72,"	"
79,"	"
101,"	"
75,"	"
75,"	"
99,"	"
110,"	"
124,"	"
120,"	"
98,"	"
116,"	"
119,"	"
93,"	"
113,"	"
154,"	"
101,"	"
106,"	"
76,"	"
95,"	"
107,"	"
109,"	"
111,"	"
98,"	"
110,"	"
111,"	"
103,"	"
75,"	"
117,"	"
156,"	"
97,"	"
111,"	"
83,"	"
110,"	"
122,"	"
112,"	"
109,"	"
107,"	"
95,"	"
106,"	"
112,"	"
107,"	"
118,"	"
142,"	"
111,"	"
71,"	"
118,"	"
104,"	"
111,"	"
108,"	"
108,"	"
94,"	"
134,"	"
128,"	"
149,"	"
120,"	"
122,"	"
111,"	"
100,"	"
96,"	"
78,"	"
115,"	"
121,"	"
131,"	"
111,"	"
88,"	"
122,"	"
106,"	"
129,"	"
135,"	"
86,"	"
163,"	"
111,"	"
122,"	"
157,"	"
74,"	"
114,"	"
107,"	"
71,"	"
158,"	"
75,"	"
123,"	"
113,"	"
105,"	"
91,"	"
106,"	"
116,"	"
93,"	"
126,"	"
93,"	"
106,"	"
109,"	"
75,"	"
71,"	"
107,"	"
124,"	"
111,"	"
112,"	"
111,"	"
125,"	"
106,"	"
125,"	"
105,"	"
123,"	"
299,"	"
122,"	"
140,"	"
84,"	"
112,"	"
108,"	"
138,"	"
111,"	"
119,"	"
127,"	"
112,"	"
106,"	"
111,"	"
150,"	"
107,"	"
106,"	"
120,"	"
505,"	"
147,"	"
115,"	"
111,"	"
107,"	"
121,"	"
119,"	"
105,"	"
81,"	"
108,"	"
118,"	"
105,"	"
288,"	"
103,"	"
197,"	"
105,"	"
118,"	"
92,"	"
119,"	"
108,"	"
204,"	"
136,"	"
113,"	"
115,"	"
107,"	"
110,"	"
99,"	"
159,"	"
74,"	"
108,"	"
109,"	"
107,"	"
131,"	"
111,"	"
107,"	"
118,"	"
104,"	"
82,"	"
121,"	"
109,"	"
114,"	"
121,"	"
75,"	"
76,"	"
73,"	"
110,"	"
126,"	"
112,"	"
114,"	"
120,"	"
111,"	"
109,"	"
110,"	"
111,"	"
115,"	"
74,"	"
120,"	"
95,"	"
109,"	"
106,"	"
110,"	"
104,"	"
102,"	"
112,"	"
121,"	"
140,"	"
121,"	"
119,"	"
73,"	"
327,"	"
387,"	"
120,"	"
74,"	"
128,"	"
120,"	"
663,"	"
106,"	"
162,"	"
81,"	"
111,"	"
160,"	"
98,"	"
72,"	"
76,"	"
137,"	"
108,"	"
93,"	"
130,"	"
106,"	"
134,"	"
109,"	"
74,"	"
110,"	"
159,"	"
131,"	"
121,"	"
131,"	"
112,"	"
102,"	"
108,"	"
131,"	"
175,"	"
113,"	"
119,"	"
72,"	"
126,"	"
103,"	"
75,"	"
119,"	"
108,"	"
128,"	"
109,"	"
122,"	"
102,"	"
124,"	"
102,"	"
73,"	"
112,"	"
130,"	"
73,"	"
107,"	"
123,"	"
119,"	"
122,"	"
151,"	"
120,"	"
103,"	"
72,"	"
74,"	"
119,"	"
107,"	"
140,"	"
91,"	"
107,"	"
89,"	"
93,"	"
127,"	"
150,"	"
87,"	"
74,"	"
215,"	"
141,"	"
108,"	"
135,"	"
121,"	"
139,"	"
132,"	"
105,"	"
126,"	"
132,"	"
116,"	"
144,"	"
95,"	"
96,"	"
101,"	"
130,"	"
119,"	"
128,"	"
99,"	"
105,"	"
120,"	"
86,"	"
121,"	"
112,"	"
111,"	"
72,"	"
106,"	"
86,"	"
128,"	"
149,"	"
121,"	"
73,"	"
93,"	"
72,"	"
118,"	"
76,"	"
72,"	"
106,"	"
73,"	"
95,"	"
108,"	"
114,"	"
96,"	"
82,"	"
75,"	"
116,"	"
138,"	"
109,"	"
82,"	"
110,"	"
85,"	"
115,"	"
145,"	"
123,"	"
76,"	"
163,"	"
120,"	"
127,"	"
121,"	"
146,"	"
111,"	"
122,"	"
73,"	"
129,"	"
99,"	"
112,"	"
106,"	"
109,"	"
126,"	"
118,"	"
116,"	"
107,"	"
70,"	"
135,"	"
111,"	"
75,"	"
198,"	"
101,"	"
107,"	"
74,"	"
102,"	"
133,"	"
124,"	"
99,"	"
107,"	"
113,"	"
114,"	"
99,"	"
117,"	"
105,"	"
103,"	"
116,"	"
122,"	"
441,"	"
74,"	"
114,"	"
159,"	"
122,"	"
120,"	"
130,"	"
124,"	"
103,"	"
119,"	"
84,"	"
100,"	"
103,"	"
94,"	"
132,"	"
155,"	"
93,"	"
153,"	"
107,"	"
113,"	"
141,"	"
111,"	"
131,"	"
148,"	"
108,"	"
100,"	"
73,"	"
74,"	"
100,"	"
105,"	"
105,"	"
72,"	"
107,"	"
133,"	"
71,"	"
138,"	"
73,"	"
72,"	"
108,"	"
121,"	"
107,"	"
123,"	"
124,"	"
77,"	"
76,"	"
119,"	"
117,"	"
105,"	"
112,"	"
72,"	"
107,"	"
73,"	"
202,"	"
112,"	"
110,"	"
74,"	"
133,"	"
120,"	"
95,"	"
158,"	"
108,"	"
141,"	"
114,"	"
95,"	"
107,"	"
106,"	"
100,"	"
129,"	"
69,"	"
112,"	"
177,"	"
107,"	"
130,"	"
83,"	"
122,"	"
106,"	"
106,"	"
741,"	"
110,"	"
106,"	"
109,"	"
121,"	"
142,"	"
110,"	"
76,"	"
110,"	"
89,"	"
128,"	"
131,"	"
133,"	"
107,"	"
126,"	"
103,"	"
104,"	"
115,"	"
154,"	"
161,"	"
107,"	"
88,"	"
119,"	"
143,"	"
112,"	"
143,"	"
109,"	"
120,"	"
83,"	"
104,"	"
84,"	"
121,"	"
147,"	"
150,"	"
98,"	"
116,"	"
112,"	"
77,"	"
73,"	"
119,"	"
115,"	"
99,"	"
115,"	"
109,"	"
109,"	"
126,"	"
80,"	"
87,"	"
116,"	"
165,"	"
121,"	"
132,"	"
100,"	"
75,"	"
217,"	"
102,"	"
109,"	"
74,"	"
109,"	"
90,"	"
100,"	"
129,"	"
78,"	"
142,"	"
333,"	"
121,"	"
126,"	"
120,"	"
98,"	"
113,"	"
118,"	"
138,"	"
154,"	"
119,"	"
109,"	"
98,"	"
124,"	"
91,"	"
116,"	"
106,"	"
170,"	"
129,"	"
113,"	"
109,"	"
101,"	"
120,"	"
98,"	"
148,"	"
104,"	"
144,"	"
106,"	"
78,"	"
346,"	"
133,"	"
72,"	"
132,"	"
74,"	"
124,"	"
117,"	"
73,"	"
121,"	"
89,"	"
71,"	"
101,"	"
73,"	"
169,"	"
70,"	"
109,"	"
77,"	"
75,"	"
116,"	"
136,"	"
120,"	"
95,"	"
107,"	"
109,"	"
110,"	"
75,"	"
108,"	"
71,"	"
108,"	"
108,"	"
105,"	"
110,"	"
91,"	"
92,"	"
109,"	"
101,"	"
103,"	"
99,"	"
123,"	"
109,"	"
107,"	"
92,"	"
146,"	"
105,"	"
129,"	"
153,"	"
115,"	"
151,"	"
99,"	"
122,"	"
76,"	"
113,"	"
109,"	"
121,"	"
130,"	"
145,"	"
97,"	"
99,"	"
96,"	"
112,"	"
104,"	"
109,"	"
136,"	"
90,"	"
123,"	"
107,"	"
105,"	"
140,"	"
72,"	"
74,"	"
144,"	"
110,"	"
159,"	"
109,"	"
106,"	"
105,"	"
142,"	"
95,"	"
113,"	"
107,"	"
93,"	"
124,"	"
115,"	"
89,"	"
106,"	"
179,"	"
109,"	"
101,"	"
110,"	"
165,"	"
94,"	"
101,"	"
111,"	"
116,"	"
94,"	"
121,"	"
94,"	"
77,"	"
72,"	"
108,"	"
79,"	"
115,"	"
110,"	"
143,"	"
129,"	"
119,"	"
92,"	"
92,"	"
108,"	"
111,"	"
104,"	"
108,"	"
129,"	"
69,"	"
120,"	"
74,"	"
110,"	"
85,"	"
90,"	"
74,"	"
107,"	"
109,"	"
162,"	"
98,"	"
94,"	"
161,"	"
110,"	"
131,"	"
109,"	"
76,"	"
110,"	"
102,"	"
111,"	"
115,"	"
145,"	"
112,"	"
112,"	"
127,"	"
163,"	"
106,"	"
107,"	"
79,"	"
98,"	"
74,"	"
82,"	"
71,"	"
108,"	"
205,"	"
74,"	"
101,"	"
74,"	"
123,"	"
128,"	"
114,"	"
138,"	"
136,"	"
110,"	"
106,"	"
157,"	"
122,"	"
99,"	"
103,"	"
112,"	"
118,"	"
75,"	"
110,"	"
91,"	"
114,"	"
124,"	"
111,"	"
105,"	"
110,"	"
94,"	"
75,"	"
106,"	"
148,"	"
177,"	"
123,"	"
91,"	"
110,"	"
76,"	"
71,"	"
109,"	"
122,"	"
85,"	"
135,"	"
163,"	"
107,"	"
120,"	"
153,"	"
127,"	"
111,"	"
94,"	"
92,"	"
113,"	"
155,"	"
142,"	"
119,"	"
94,"	"
106,"	"
109,"	"
122,"	"
156,"	"
124,"	"
107,"	"
105,"	"
111,"	"
159,"	"
105,"	"
111,"	"
115,"	"
137,"	"
108,"	"
110,"	"
115,"	"
122,"	"
111,"	"
70,"	"
129,"	"
108,"	"
115,"	"
69,"	"
121,"	"
126,"	"
123,"	"
82,"	"
120,"	"
75,"	"
118,"	"
129,"	"
91,"	"
107,"	"
107,"	"
72,"	"
117,"	"
96,"	"
115,"	"
88,"	"
146,"	"
157,"	"
107,"	"
99,"	"
105,"	"
118,"	"
75,"	"
113,"	"
115,"	"
100,"	"
111,"	"
123,"	"
134,"	"
86,"	"
72,"	"
131,"	"
80,"	"
72,"	"
159,"	"
140,"	"
135,"	"
94,"	"
109,"	"
109,"	"
125,"	"
111,"	"
205,"	"
132,"	"
146,"	"
108,"	"
107,"	"
136,"	"
79,"	"
75,"	"
144,"	"
144,"	"
135,"	"
101,"	"
241,"	"
139,"	"
101,"	"
106,"	"
105,"	"
71,"	"
102,"	"
107,"	"
125,"	"
75,"	"
73,"	"
111,"	"
156,"	"
74,"	"
186,"	"
100,"	"
139,"	"
106,"	"
106,"	"
123,"	"
84,"	"
93,"	"
135,"	"
124,"	"
111,"	"
111,"	"
108,"	"
122,"	"
74,"	"
110,"	"
102,"	"
74,"	"
119,"	"
100,"	"
113,"	"
74,"	"
104,"	"
72,"	"
107,"	"
91,"	"
105,"	"
111,"	"
76,"	"
100,"	"
111,"	"
110,"	"
109,"	"
106,"	"
108,"	"
79,"	"
109,"	"
111,"	"
73,"	"
118,"	"
154,"	"
90,"	"
99,"	"
109,"	"
156,"	"
115,"	"
76,"	"
99,"	"
74,"	"
99,"	"
106,"	"
116,"	"
163,"	"
109,"	"
114,"	"
84,"	"
114,"	"
97,"	"
107,"	"
73,"	"
157,"	"
111,"	"
121,"	"
107,"	"
109,"	"
109,"	"
128,"	"
78,"	"
134,"	"
145,"	"
75,"	"
87,"	"
123,"	"
209,"	"
102,"	"
120,"	"
109,"	"
80,"	"
122,"	"
84,"	"
127,"	"
104,"	"
115,"	"
96,"	"
110,"	"
98,"	"
91,"	"
111,"	"
75,"	"
130,"	"
73,"	"
96,"	"
130,"	"
101,"	"
94,"	"
89,"	"
135,"	"
108,"	"
76,"	"
108,"	"
73,"	"
119,"	"
81,"	"
136,"	"
70,"	"
93,"	"
117,"	"
102,"	"
112,"	"
143,"	"
402,"	"
71,"	"
100,"	"
75,"	"
104,"	"
144,"	"
150,"	"
95,"	"
107,"	"
104,"	"
110,"	"
74,"	"
72,"	"
78,"	"
104,"	"
97,"	"
96,"	"
73,"	"
100,"	"
111,"	"
116,"	"
114,"	"
109,"	"
90,"	"
114,"	"
157,"	"
109,"	"
162,"	"
74,"	"
97,"	"
113,"	"
107,"	"
112,"	"
109,"	"
139,"	"
139,"	"
107,"	"
120,"	"
222,"	"
121,"	"
118,"	"
123,"	"
135,"	"
105,"	"
134,"	"
79,"	"
116,"	"
111,"	"
159,"	"
117,"	"
108,"	"
123,"	"
163,"	"
99,"	"
73,"	"
106,"	"
106,"	"
101,"	"
114,"	"
85,"	"
103,"	"
72,"	"
131,"	"
127,"	"
120,"	"
71,"	"
138,"	"
74,"	"
92,"	"
107,"	"
100,"	"
112,"	"
115,"	"
100,"	"
86,"	"
135,"	"
92,"	"
91,"	"
117,"	"
107,"	"
111,"	"
110,"	"
106,"	"
116,"	"
108,"	"
107,"	"
74,"	"
109,"	"
108,"	"
73,"	"
122,"	"
116,"	"
145,"	"
112,"	"
155,"	"
74,"	"
92,"	"
97,"	"
107,"	"
279,"	"
89,"	"
215,"	"
117,"	"
136,"	"
99,"	"
152,"	"
74,"	"
74,"	"
88,"	"
89,"	"
110,"	"
111,"	"
107,"	"
109,"	"
123,"	"
110,"	"
131,"	"
163,"	"
99,"	"
123,"	"
110,"	"
110,"	"
75,"	"
195,"	"
118,"	"
469,"	"
100,"	"
143,"	"
105,"	"
106,"	"
94,"	"
106,"	"
142,"	"
158,"	"
74,"	"
165,"	"
123,"	"
76,"	"
75,"	"
74,"	"
101,"	"
110,"	"
75,"	"
132,"	"
126,"	"
114,"	"
134,"	"
112,"	"
145,"	"
142,"	"
122,"	"
95,"	"
126,"	"
150,"	"
125,"	"
100,"	"
106,"	"
129,"	"
105,"	"
109,"	"
111,"	"
116,"	"
110,"	"
109,"	"
103,"	"
111,"	"
81,"	"
118,"	"
113,"	"
69,"	"
73,"	"
455,"	"
123,"	"
109,"	"
74,"	"
117,"	"
137,"	"
104,"	"
99,"	"
92,"	"
130,"	"
110,"	"
115,"	"
103,"	"
76,"	"
122,"	"
143,"	"
109,"	"
106,"	"
81,"	"
108,"	"
116,"	"
108,"	"
120,"	"
122,"	"
140,"	"
113,"	"
111,"	"
153,"	"
79,"	"
119,"	"
115,"	"
110,"	"
115,"	"
120,"	"
129,"	"
80,"	"
92,"	"
118,"	"
72,"	"
108,"	"
114,"	"
124,"	"
125,"	"
74,"	"
111,"	"
109,"	"
105,"	"
102,"	"
128,"	"
115,"	"
87,"	"
88,"	"
117,"	"
142,"	"
117,"	"
159,"	"
120,"	"
100,"	"
118,"	"
73,"	"
75,"	"
105,"	"
108,"	"
103,"	"
99,"	"
108,"	"
75,"	"
97,"	"
150,"	"
153,"	"
89,"	"
107,"	"
72,"	"
124,"	"
127,"	"
155,"	"
108,"	"
131,"	"
141,"	"
118,"	"
112,"	"
118,"	"
96,"	"
140,"	"
101,"	"
99,"	"
119,"	"
124,"	"
107,"	"
112,"	"
112,"	"
113,"	"
97,"	"
99,"	"
95,"	"
101,"	"
130,"	"
140,"	"
224,"	"
74,"	"
114,"	"
108,"	"
79,"	"
71,"	"
73,"	"
74,"	"
120,"	"
78,"	"
108,"	"
83,"	"
118,"	"
156,"	"
123,"	"
109,"	"
96,"	"
117,"	"
110,"	"
133,"	"
73,"	"
108,"	"
107,"	"
88,"	"
75,"	"
89,"	"
118,"	"
142,"	"
122,"	"
89,"	"
133,"	"
120,"	"
74,"	"
111,"	"
108,"	"
118,"	"
107,"	"
146,"	"
108,"	"
85,"	"
97,"	"
106,"	"
77,"	"
83,"	"
103,"	"
103,"	"
109,"	"
98,"	"
100,"	"
110,"	"
106,"	"
110,"	"
161,"	"
96,"	"
147,"	"
154,"	"
112,"	"
80,"	"
108,"	"
105,"	"
122,"	"
110,"	"
144,"	"
92,"	"
143,"	"
99,"	"
154,"	"
136,"	"
127,"	"
123,"	"
139,"	"
106,"	"
160,"	"
107,"	"
130,"	"
125,"	"
111,"	"
115,"	"
99,"	"
105,"	"
74,"	"
107,"	"
86,"	"
145,"	"
131,"	"
121,"	"
76,"	"
72,"	"
101,"	"
109,"	"
134,"	"
75,"	"
95,"	"
129,"	"
118,"	"
108,"	"
105,"	"
135,"	"
79,"	"
105,"	"
119,"	"
122,"	"
74,"	"
111,"	"
124,"	"
109,"	"
265,"	"
74,"	"
88,"	"
114,"	"
128,"	"
73,"	"
109,"	"
73,"	"
132,"	"
85,"	"
121,"	"
112,"	"
74,"	"
110,"	"
93,"	"
72,"	"
106,"	"
75,"	"
113,"	"
137,"	"
112,"	"
106,"	"
160,"	"
111,"	"
74,"	"
154,"	"
107,"	"
119,"	"
105,"	"
109,"	"
159,"	"
138,"	"
91,"	"
108,"	"
117,"	"
121,"	"
118,"	"
132,"	"
97,"	"
96,"	"
114,"	"
111,"	"
99,"	"
74,"	"
106,"	"
115,"	"
97,"	"
80,"	"
117,"	"
72,"	"
104,"	"
118,"	"
102,"	"
121,"	"
136,"	"
111,"	"
111,"	"
89,"	"
95,"	"
93,"	"
139,"	"
156,"	"
81,"	"
107,"	"
67,"	"
96,"	"
97,"	"
113,"	"
123,"	"
103,"	"
109,"	"
128,"	"
100,"	"
149,"	"
101,"	"
81,"	"
136,"	"
681,"	"
275,"	"
88,"	"
103,"	"
117,"	"
118,"	"
144,"	"
106,"	"
122,"	"
107,"	"
107,"	"
96,"	"
121,"	"
86,"	"
122,"	"
151,"	"
116,"	"
110,"	"
89,"	"
73,"	"
121,"	"
101,"	"
109,"	"
129,"	"
72,"	"
108,"	"
95,"	"
101,"	"
114,"	"
143,"	"
107,"	"
118,"	"
107,"	"
71,"	"
97,"	"
131,"	"
73,"	"
103,"	"
104,"	"
102,"	"
110,"	"
71,"	"
72,"	"
119,"	"
72,"	"
111,"	"
110,"	"
108,"	"
72,"	"
109,"	"
103,"	"
111,"	"
95,"	"
75,"	"
100,"	"
71,"	"
131,"	"
96,"	"
76,"	"
107,"	"
102,"	"
134,"	"
94,"	"
83,"	"
129,"	"
133,"	"
102,"	"
100,"	"
141,"	"
70,"	"
112,"	"
111,"	"
105,"	"
74,"	"
130,"	"
102,"	"
156,"	"
105,"	"
191,"	"
74,"	"
118,"	"
117,"	"
97,"	"
114,"	"
108,"	"
120,"	"
139,"	"
135,"	"
111,"	"
107,"	"
108,"	"
118,"	"
125,"	"
116,"	"
137,"	"
73,"	"
74,"	"
147,"	"
115,"	"
83,"	"
119,"	"
140,"	"
130,"	"
98,"	"
139,"	"
97,"	"
114,"	"
74,"	"
128,"	"
121,"	"
90,"	"
72,"	"
99,"	"
112,"	"
98,"	"
80,"	"
113,"	"
99,"	"
124,"	"
136,"	"
133,"	"
114,"	"
101,"	"
94,"	"
152,"	"
107,"	"
95,"	"
72,"	"
136,"	"
132,"	"
71,"	"
90,"	"
139,"	"
101,"	"
91,"	"
102,"	"
82,"	"
112,"	"
131,"	"
112,"	"
112,"	"
110,"	"
116,"	"
141,"	"
112,"	"
115,"	"
143,"	"
96,"	"
118,"	"
148,"	"
76,"	"
150,"	"
88,"	"
120,"	"
108,"	"
70,"	"
74,"	"
100,"	"
122,"	"
131,"	"
114,"	"
76,"	"
74,"	"
94,"	"
142,"	"
116,"	"
131,"	"
96,"	"
316,"	"
97,"	"
113,"	"
77,"	"
82,"	"
74,"	"
109,"	"
127,"	"
79,"	"
106,"	"
118,"	"
135,"	"
71,"	"
201,"	"
100,"	"
108,"	"
135,"	"
99,"	"
100,"	"
136,"	"
109,"	"
70,"	"
85,"	"
120,"	"
80,"	"
110,"	"
100,"	"
107,"	"
86,"	"
122,"	"
120,"	"
115,"	"
106,"	"
112,"	"
112,"	"
114,"	"
110,"	"
104,"	"
73,"	"
121,"	"
102,"	"
110,"	"
112,"	"
96,"	"
150,"	"
121,"	"
116,"	"
72,"	"
122,"	"
123,"	"
81,"	"
93,"	"
123,"	"
103,"	"
141,"	"
112,"	"
117,"	"
498,"	"
120,"	"
425,"	"
110,"	"
130,"	"
74,"	"
116,"	"
88,"	"
89,"	"
152,"	"
99,"	"
119,"	"
79,"	"
101,"	"
77,"	"
108,"	"
73,"	"
86,"	"
111,"	"
121,"	"
112,"	"
117,"	"
107,"	"
144,"	"
108,"	"
120,"	"
112,"	"
111,"	"
120,"	"
102,"	"
77,"	"
119,"	"
111,"	"
106,"	"
92,"	"
106,"	"
98,"	"
88,"	"
114,"	"
111,"	"
163,"	"
131,"	"
132,"	"
106,"	"
96,"	"
104,"	"
146,"	"
104,"	"
113,"	"
87,"	"
79,"	"
139,"	"
74,"	"
109,"	"
102,"	"
112,"	"
105,"	"
108,"	"
75,"	"
122,"	"
88,"	"
103,"	"
110,"	"
118,"	"
109,"	"
130,"	"
110,"	"
129,"	"
109,"	"
71,"	"
122,"	"
117,"	"
104,"	"
102,"	"
78,"	"
71,"	"
72,"	"
83,"	"
105,"	"
81,"	"
75,"	"
109,"	"
135,"	"
110,"	"
119,"	"
86,"	"
112,"	"
111,"	"
94,"	"
103,"	"
74,"	"
102,"	"
101,"	"
161,"	"
97,"	"
102,"	"
112,"	"
90,"	"
77,"	"
101,"	"
105,"	"
115,"	"
102,"	"
129,"	"
128,"	"
80,"	"
129,"	"
73,"	"
115,"	"
119,"	"
107,"	"
110,"	"
113,"	"
113,"	"
115,"	"
121,"	"
138,"	"
105,"	"
106,"	"
115,"	"
99,"	"
78,"	"
108,"	"
107,"	"
77,"	"
121,"	"
111,"	"
128,"	"
123,"	"
74,"	"
71,"	"
108,"	"
110,"	"
107,"	"
106,"	"
211,"	"
102,"	"
112,"	"
105,"	"
117,"	"
118,"	"
138,"	"
70,"	"
122,"	"
128,"	"
108,"	"
109,"	"
102,"	"
132,"	"
108,"	"
71,"	"
121,"	"
96,"	"
92,"	"
93,"	"
119,"	"
104,"	"
127,"	"
94,"	"
74,"	"
137,"	"
141,"	"
118,"	"
101,"	"
106,"	"
102,"	"
98,"	"
122,"	"
109,"	"
89,"	"
93,"	"
110,"	"
74,"	"
80,"	"
113,"	"
107,"	"
110,"	"
109,"	"
131,"	"
127,"	"
115,"	"
75,"	"
111,"	"
83,"	"
88,"	"
72,"	"
115,"	"
128,"	"
136,"	"
111,"	"
128,"	"
81,"	"
95,"	"
130,"	"
141,"	"
138,"	"
112,"	"
120,"	"
104,"	"
83,"	"
97,"	"
120,"	"
108,"	"
115,"	"
122,"	"
147,"	"
109,"	"
186,"	"
112,"	"
102,"	"
75,"	"
124,"	"
142,"	"
153,"	"
103,"	"
100,"	"
118,"	"
142,"	"
129,"	"
140,"	"
92,"	"
112,"	"
72,"	"
117,"	"
143,"	"
76,"	"
105,"	"
76,"	"
113,"	"
112,"	"
75,"	"
117,"	"
74,"	"
71,"	"
71,"	"
153,"	"
93,"	"
114,"	"
102,"	"
97,"	"
126,"	"
116,"	"
128,"	"
140,"	"
103,"	"
401,"	"
104,"	"
115,"	"
108,"	"
113,"	"
99,"	"
107,"	"
112,"	"
101,"	"
73,"	"
117,"	"
106,"	"
112,"	"
141,"	"
119,"	"
128,"	"
138,"	"
122,"	"
116,"	"
109,"	"
536,"	"
121,"	"
107,"	"
101,"	"
102,"	"
115,"	"
103,"	"
84,"	"
106,"	"
74,"	"
477,"	"
106,"	"
105,"	"
105,"	"
130,"	"
154,"	"
86,"	"
111,"	"
119,"	"
110,"	"
121,"	"
72,"	"
120,"	"
120,"	"
119,"	"
95,"	"
118,"	"
107,"	"
123,"	"
70,"	"
109,"	"
177,"	"
137,"	"
77,"	"
112,"	"
73,"	"
106,"	"
73,"	"
118,"	"
103,"	"
133,"	"
116,"	"
116,"	"
125,"	"
115,"	"
76,"	"
110,"	"
98,"	"
104,"	"
74,"	"
120,"	"
76,"	"
101,"	"
98,"	"
124,"	"
81,"	"
110,"	"
101,"	"
111,"	"
101,"	"
103,"	"
173,"	"
107,"	"
93,"	"
112,"	"
78,"	"
89,"	"
100,"	"
74,"	"
74,"	"
119,"	"
73,"	"
112,"	"
112,"	"
119,"	"
95,"	"
102,"	"
111,"	"
103,"	"
108,"	"
112,"	"
108,"	"
104,"	"
106,"	"
148,"	"
110,"	"
116,"	"
108,"	"
114,"	"
154,"	"
142,"	"
92,"	"
125,"	"
138,"	"
503,"	"
116,"	"
130,"	"
73,"	"
75,"	"
114,"	"
95,"	"
88,"	"
138,"	"
122,"	"
94,"	"
79,"	"
139,"	"
124,"	"
93,"	"
71,"	"
76,"	"
106,"	"
131,"	"
110,"	"
92,"	"
93,"	"
152,"	"
91,"	"
123,"	"
101,"	"
117,"	"
75,"	"
143,"	"
101,"	"
112,"	"
117,"	"
107,"	"
120,"	"
71,"	"
105,"	"
106,"	"
108,"	"
146,"	"
94,"	"
120,"	"
120,"	"
119,"	"
111,"	"
107,"	"
85,"	"
470,"	"
121,"	"
107,"	"
109,"	"
111,"	"
117,"	"
116,"	"
103,"	"
95,"	"
199,"	"
69,"	"
121,"	"
98,"	"
75,"	"
72,"	"
109,"	"
111,"	"
75,"	"
127,"	"
89,"	"
133,"	"
107,"	"
97,"	"
110,"	"
134,"	"
152,"	"
76,"	"
118,"	"
103,"	"
140,"	"
125,"	"
73,"	"
71,"	"
102,"	"
110,"	"
128,"	"
126,"	"
120,"	"
109,"	"
90,"	"
155,"	"
148,"	"
107,"	"
111,"	"
107,"	"
98,"	"
120,"	"
131,"	"
138,"	"
125,"	"
541,"	"
111,"	"
89,"	"
133,"	"
132,"	"
108,"	"
96,"	"
107,"	"
74,"	"
105,"	"
119,"	"
101,"	"
97,"	"
88,"	"
140,"	"
148,"	"
96,"	"
72,"	"
98,"	"
75,"	"
146,"	"
110,"	"
149,"	"
90,"	"
107,"	"
108,"	"
124,"	"
108,"	"
130,"	"
94,"	"
104,"	"
125,"	"
160,"	"
74,"	"
135,"	"
118,"	"
77,"	"
73,"	"
88,"	"
163,"	"
109,"	"
88,"	"
72,"	"
114,"	"
240,"	"
107,"	"
101,"	"
108,"	"
109,"	"
92,"	"
78,"	"
71,"	"
656,"	"
117,"	"
102,"	"
103,"	"
101,"	"
109,"	"
72,"	"
99,"	"
114,"	"
76,"	"
93,"	"
110,"	"
75,"	"
132,"	"
120,"	"
106,"	"
107,"	"
109,"	"
105,"	"
104,"	"
120,"	"
118,"	"
77,"	"
142,"	"
82,"	"
167,"	"
70,"	"
105,"	"
444,"	"
106,"	"
201,"	"
101,"	"
116,"	"
110,"	"
116,"	"
109,"	"
99,"	"
74,"	"
111,"	"
108,"	"
120,"	"
74,"	"
150,"	"
109,"	"
96,"	"
118,"	"
102,"	"
117,"	"
111,"	"
116,"	"
75,"	"
106,"	"
121,"	"
118,"	"
160,"	"
95,"	"
91,"	"
124,"	"
115,"	"
100,"	"
91,"	"
111,"	"
136,"	"
92,"	"
123,"	"
109,"	"
112,"	"
108,"	"
105,"	"
105,"	"
92,"	"
107,"	"
103,"	"
109,"	"
94,"	"
101,"	"
137,"	"
100,"	"
81,"	"
111,"	"
104,"	"
108,"	"
129,"	"
506,"	"
72,"	"
120,"	"
110,"	"
132,"	"
117,"	"
115,"	"
103,"	"
130,"	"
750,"	"
145,"	"
133,"	"
111,"	"
124,"	"
100,"	"
98,"	"
134,"	"
77,"	"
153,"	"
140,"	"
110,"	"
104,"	"
140,"	"
87,"	"
74,"	"
72,"	"
114,"	"
75,"	"
262,"	"
132,"	"
112,"	"
128,"	"
106,"	"
85,"	"
114,"	"
110,"	"
112,"	"
103,"	"
75,"	"
110,"	"
103,"	"
154,"	"
74,"	"
72,"	"
106,"	"
187,"	"
99,"	"
72,"	"
114,"	"
160,"	"
105,"	"
147,"	"
111,"	"
111,"	"
91,"	"
76,"	"
83,"	"
110,"	"
91,"	"
97,"	"
128,"	"
76,"	"
111,"	"
97,"	"
128,"	"
144,"	"
98,"	"
74,"	"
123,"	"
121,"	"
107,"	"
76,"	"
110,"	"
84,"	"
135,"	"
107,"	"
109,"	"
114,"	"
96,"	"
113,"	"
130,"	"
110,"	"
90,"	"
95,"	"
74,"	"
153,"	"
112,"	"
133,"	"
83,"	"
114,"	"
119,"	"
106,"	"
83,"	"
93,"	"
95,"	"
91,"	"
98,"	"
112,"	"
71,"	"
197,"	"
159,"	"
114,"	"
123,"	"
113,"	"
125,"	"
97,"	"
92,"	"
120,"	"
129,"	"
111,"	"
95,"	"
119,"	"
131,"	"
121,"	"
148,"	"
123,"	"
72,"	"
107,"	"
122,"	"
115,"	"
112,"	"
109,"	"
98,"	"
88,"	"
76,"	"
127,"	"
100,"	"
110,"	"
119,"	"
120,"	"
82,"	"
101,"	"
278,"	"
110,"	"
105,"	"
156,"	"
141,"	"
110,"	"
72,"	"
107,"	"
136,"	"
120,"	"
169,"	"
106,"	"
86,"	"
118,"	"
124,"	"
110,"	"
137,"	"
132,"	"
126,"	"
116,"	"
72,"	"
107,"	"
107,"	"
194,"	"
132,"	"
83,"	"
71,"	"
123,"	"
162,"	"
133,"	"
119,"	"
147,"	"
97,"	"
106,"	"
101,"	"
108,"	"
95,"	"
128,"	"
95,"	"
95,"	"
103,"	"
73,"	"
88,"	"
97,"	"
190,"	"
131,"	"
108,"	"
118,"	"
146,"	"
89,"	"
108,"	"
189,"	"
455,"	"
110,"	"
126,"	"
138,"	"
95,"	"
119,"	"
119,"	"
107,"	"
75,"	"
144,"	"
109,"	"
111,"	"
125,"	"
104,"	"
117,"	"
112,"	"
132,"	"
141,"	"
120,"	"
175,"	"
101,"	"
109,"	"
108,"	"
124,"	"
76,"	"
114,"	"
115,"	"
129,"	"
118,"	"
94,"	"
166,"	"
129,"	"
197,"	"
127,"	"
117,"	"
75,"	"
154,"	"
113,"	"
164,"	"
78,"	"
130,"	"
145,"	"
172,"	"
118,"	"
100,"	"
100,"	"
106,"	"
126,"	"
92,"	"
117,"	"
109,"	"
122,"	"
119,"	"
134,"	"
111,"	"
123,"	"
140,"	"
101,"	"
112,"	"
112,"	"
108,"	"
162,"	"
92,"	"
139,"	"
119,"	"
123,"	"
153,"	"
80,"	"
106,"	"
219,"	"
121,"	"
107,"	"
121,"	"
102,"	"
199,"	"
92,"	"
138,"	"
140,"	"
101,"	"
78,"	"
113,"	"
110,"	"
103,"	"
130,"	"
133,"	"
106,"	"
145,"	"
114,"	"
108,"	"
106,"	"
108,"	"
113,"	"
150,"	"
114,"	"
102,"	"
106,"	"
126,"	"
104,"	"
104,"	"
101,"	"
141,"	"
79,"	"
108,"	"
132,"	"
112,"	"
112,"	"
146,"	"
107,"	"
137,"	"
118,"	"
117,"	"
123,"	"
108,"	"
139,"	"
152,"	"
124,"	"
157,"	"
165,"	"
107,"	"
72,"	"
110,"	"
120,"	"
137,"	"
123,"	"
137,"	"
145,"	"
115,"	"
79,"	"
111,"	"
118,"	"
108,"	"
145,"	"
87,"	"
107,"	"
108,"	"
109,"	"
112,"	"
111,"	"
122,"	"
119,"	"
150,"	"
136,"	"
114,"	"
141,"	"
74,"	"
106,"	"
74,"	"
110,"	"
161,"	"
111,"	"
106,"	"
107,"	"
122,"	"
108,"	"
134,"	"
111,"	"
131,"	"
128,"	"
147,"	"
97,"	"
133,"	"
79,"	"
94,"	"
87,"	"
197,"	"
256,"	"
113,"	"
125,"	"
123,"	"
142,"	"
129,"	"
137,"	"
516,"	"
142,"	"
78,"	"
108,"	"
149,"	"
140,"	"
89,"	"
109,"	"
116,"	"
93,"	"
119,"	"
148,"	"
110,"	"
105,"	"
113,"	"
109,"	"
135,"	"
145,"	"
112,"	"
108,"	"
111,"	"
109,"	"
112,"	"
121,"	"
120,"	"
121,"	"
106,"	"
84,"	"
110,"	"
123,"	"
159,"	"
95,"	"
120,"	"
82,"	"
81,"	"
112,"	"
139,"	"
158,"	"
85,"	"
95,"	"
125,"	"
75,"	"
104,"	"
78,"	"
130,"	"
76,"	"
101,"	"
116,"	"
71,"	"
100,"	"
107,"	"
74,"	"
142,"	"
118,"	"
100,"	"
216,"	"
123,"	"
324,"	"
100,"	"
109,"	"
138,"	"
96,"	"
134,"	"
143,"	"
92,"	"
117,"	"
537,"	"
134,"	"
146,"	"
139,"	"
113,"	"
91,"	"
107,"	"
73,"	"
112,"	"
288,"	"
120,"	"
148,"	"
122,"	"
82,"	"
94,"	"
122,"	"
112,"	"
126,"	"
140,"	"
175,"	"
130,"	"
118,"	"
85,"	"
108,"	"
113,"	"
127,"	"
117,"	"
138,"	"
124,"	"
152,"	"
96,"	"
288,"	"
155,"	"
72,"	"
117,"	"
102,"	"
101,"	"
170,"	"
124,"	"
109,"	"
108,"	"
132,"	"
122,"	"
116,"	"
103,"	"
131,"	"
119,"	"
145,"	"
135,"	"
98,"	"
148,"	"
105,"	"
154,"	"
137,"	"
133,"	"
93,"	"
176,"	"
113,"	"
116,"	"
106,"	"
162,"	"
113,"	"
89,"	"
118,"	"
129,"	"
220,"	"
115,"	"
121,"	"
132,"	"
97,"	"
102,"	"
108,"	"
125,"	"
112,"	"
144,"	"
158,"	"
74,"	"
81,"	"
132,"	"
142,"	"
84,"	"
98,"	"
119,"	"
124,"	"
104,"	"
93,"	"
112,"	"
91,"	"
172,"	"
126,"	"
126,"	"
157,"	"
125,"	"
123,"	"
125,"	"
130,"	"
89,"	"
96,"	"
106,"	"
124,"	"
107,"	"
94,"	"
109,"	"
118,"	"
212,"	"
145,"	"
112,"	"
215,"	"
147,"	"
107,"	"
94,"	"
148,"	"
116,"	"
209,"	"
141,"	"
211,"	"
69,"	"
111,"	"
142,"	"
74,"	"
150,"	"
127,"	"
115,"	"
142,"	"
222,"	"
114,"	"
76,"	"
104,"	"
118,"	"
73,"	"
145,"	"
483,"	"
125,"	"
119,"	"
106,"	"
112,"	"
142,"	"
94,"	"
72,"	"
108,"	"
123,"	"
107,"	"
110,"	"
486,"	"
138,"	"
142,"	"
145,"	"
113,"	"
117,"	"
116,"	"
133,"	"
127,"	"
144,"	"
132,"	"
121,"	"
121,"	"
90,"	"
95,"	"
107,"	"
113,"	"
240,"	"
108,"	"
114,"	"
115,"	"
72,"	"
130,"	"
124,"	"
122,"	"
123,"	"
71,"	"
220,"	"
127,"	"
118,"	"
122,"	"
119,"	"
121,"	"
117,"	"
114,"	"
122,"	"
121,"	"
73,"	"
113,"	"
136,"	"
116,"	"
134,"	"
110,"	"
89,"	"
110,"	"
115,"	"
129,"	"
101,"	"
115,"	"
124,"	"
110,"	"
126,"	"
115,"	"
133,"	"
121,"	"
120,"	"
95,"	"
73,"	"
69,"	"
107,"	"
110,"	"
102,"	"
72,"	"
107,"	"
119,"	"
118,"	"
121,"	"
146,"	"
123,"	"
121,"	"
149,"	"
118,"	"
116,"	"
114,"	"
121,"	"
108,"	"
84,"	"
99,"	"
93,"	"
132,"	"
110,"	"
126,"	"
180,"	"
146,"	"
127,"	"
147,"	"
119,"	"
126,"	"
119,"	"
96,"	"
140,"	"
133,"	"
72,"	"
107,"	"
89,"	"
128,"	"
71,"	"
115,"	"
133,"	"
401,"	"
135,"	"
92,"	"
133,"	"
131,"	"
72,"	"
74,"	"
89,"	"
79,"	"
99,"	"
110,"	"
118,"	"
90,"	"
84,"	"
119,"	"
115,"	"
138,"	"
141,"	"
125,"	"
112,"	"
119,"	"
107,"	"
108,"	"
92,"	"
126,"	"
108,"	"
148,"	"
126,"	"
118,"	"
120,"	"
85,"	"
162,"	"
70,"	"
123,"	"
130,"	"
105,"	"
482,"	"
149,"	"
113,"	"
114,"	"
134,"	"
106,"	"
123,"	"
109,"	"
141,"	"
102,"	"
114,"	"
129,"	"
72,"	"
106,"	"
72,"	"
86,"	"
129,"	"
108,"	"
110,"	"
86,"	"
116,"	"
83,"	"
100,"	"
128,"	"
113,"	"
108,"	"
69,"	"
118,"	"
120,"	"
140,"	"
117,"	"
90,"	"
162,"	"
122,"	"
144,"	"
71,"	"
108,"	"
129,"	"
73,"	"
144,"	"
112,"	"
125,"	"
102,"	"
125,"	"
150,"	"
121,"	"
140,"	"
95,"	"
137,"	"
101,"	"
155,"	"
73,"	"
199,"	"
133,"	"
139,"	"
111,"	"
116,"	"
109,"	"
95,"	"
238,"	"
98,"	"
134,"	"
86,"	"
118,"	"
127,"	"
102,"	"
145,"	"
89,"	"
74,"	"
120,"	"
109,"	"
94,"	"
123,"	"
105,"	"
97,"	"
147,"	"
99,"	"
94,"	"
131,"	"
72,"	"
69,"	"
113,"	"
110,"	"
146,"	"
112,"	"
114,"	"
99,"	"
111,"	"
157,"	"
106,"	"
85,"	"
132,"	"
160,"	"
123,"	"
118,"	"
131,"	"
112,"	"
131,"	"
135,"	"
100,"	"
92,"	"
113,"	"
111,"	"
118,"	"
71,"	"
174,"	"
128,"	"
119,"	"
94,"	"
156,"	"
108,"	"
115,"	"
114,"	"
75,"	"
128,"	"
124,"	"
158,"	"
115,"	"
113,"	"
236,"	"
95,"	"
121,"	"
120,"	"
83,"	"
114,"	"
74,"	"
110,"	"
144,"	"
77,"	"
122,"	"
92,"	"
75,"	"
134,"	"
97,"	"
105,"	"
127,"	"
72,"	"
123,"	"
107,"	"
120,"	"
88,"	"
104,"	"
118,"	"
118,"	"
140,"	"
126,"	"
120,"	"
713,"	"
78,"	"
99,"	"
118,"	"
137,"	"
112,"	"
170,"	"
125,"	"
179,"	"
107,"	"
122,"	"
121,"	"
103,"	"
109,"	"
141,"	"
87,"	"
108,"	"
123,"	"
94,"	"
98,"	"
116,"	"
122,"	"
89,"	"
88,"	"
138,"	"
95,"	"
104,"	"
105,"	"
109,"	"
118,"	"
133,"	"
109,"	"
108,"	"
107,"	"
111,"	"
114,"	"
111,"	"
96,"	"
88,"	"
107,"	"
128,"	"
159,"	"
101,"	"
93,"	"
100,"	"
118,"	"
123,"	"
116,"	"
105,"	"
102,"	"
109,"	"
133,"	"
70,"	"
140,"	"
79,"	"
107,"	"
142,"	"
123,"	"
124,"	"
134,"	"
136,"	"
198,"	"
109,"	"
107,"	"
157,"	"
96,"	"
110,"	"
74,"	"
118,"	"
112,"	"
92,"	"
129,"	"
92,"	"
121,"	"
147,"	"
131,"	"
93,"	"
613,"	"
217,"	"
138,"	"
120,"	"
179,"	"
148,"	"
359,"	"
106,"	"
95,"	"
116,"	"
107,"	"
119,"	"
122,"	"
148,"	"
116,"	"
116,"	"
117,"	"
91,"	"
89,"	"
209,"	"
103,"	"
93,"	"
110,"	"
122,"	"
112,"	"
122,"	"
109,"	"
75,"	"
123,"	"
74,"	"
73,"	"
141,"	"
92,"	"
116,"	"
81,"	"
129,"	"
113,"	"
125,"	"
106,"	"
104,"	"
108,"	"
116,"	"
116,"	"
121,"	"
117,"	"
110,"	"
104,"	"
146,"	"
93,"	"
111,"	"
108,"	"
147,"	"
109,"	"
72,"	"
93,"	"
123,"	"
104,"	"
73,"	"
124,"	"
102,"	"
142,"	"
141,"	"
120,"	"
127,"	"
120,"	"
187,"	"
109,"	"
120,"	"
113,"	"
84,"	"
111,"	"
118,"	"
128,"	"
124,"	"
131,"	"
120,"	"
102,"	"
108,"	"
94,"	"
140,"	"
113,"	"
72,"	"
79,"	"
117,"	"
107,"	"
118,"	"
132,"	"
94,"	"
119,"	"
123,"	"
126,"	"
117,"	"
118,"	"
231,"	"
72,"	"
282,"	"
118,"	"
75,"	"
112,"	"
109,"	"
116,"	"
115,"	"
72,"	"
71,"	"
72,"	"
70,"	"
122,"	"
94,"	"
81,"	"
137,"	"
107,"	"
139,"	"
109,"	"
102,"	"
135,"	"
101,"	"
75,"	"
118,"	"
76,"	"
125,"	"
135,"	"
144,"	"
107,"	"
146,"	"
84,"	"
132,"	"
115,"	"
126,"	"
120,"	"
130,"	"
121,"	"
110,"	"
86,"	"
109,"	"
133,"	"
120,"	"
110,"	"
88,"	"
95,"	"
129,"	"
122,"	"
95,"	"
142,"	"
109,"	"
115,"	"
117,"	"
204,"	"
152,"	"
124,"	"
102,"	"
117,"	"
118,"	"
128,"	"
74,"	"
185,"	"
115,"	"
101,"	"
132,"	"
122,"	"
128,"	"
166,"	"
131,"	"
123,"	"
122,"	"
164,"	"
135,"	"
110,"	"
131,"	"
113,"	"
230,"	"
325,"	"
127,"	"
125,"	"
79,"	"
130,"	"
117,"	"
119,"	"
77,"	"
110,"	"
129,"	"
119,"	"
134,"	"
114,"	"
109,"	"
118,"	"
136,"	"
623,"	"
107,"	"
137,"	"
105,"	"
100,"	"
109,"	"
107,"	"
236,"	"
123,"	"
106,"	"
89,"	"
83,"	"
136,"	"
72,"	"
117,"	"
120,"	"
176,"	"
137,"	"
115,"	"
122,"	"
122,"	"
129,"	"
120,"	"
111,"	"
104,"	"
113,"	"
75,"	"
89,"	"
135,"	"
72,"	"
116,"	"
111,"	"
75,"	"
70,"	"
72,"	"
89,"	"
143,"	"
114,"	"
112,"	"
127,"	"
248,"	"
74,"	"
358,"	"
127,"	"
237,"	"
110,"	"
121,"	"
188,"	"
129,"	"
121,"	"
121,"	"
122,"	"
109,"	"
131,"	"
105,"	"
210,"	"
121,"	"
132,"	"
131,"	"
113,"	"
126,"	"
252,"	"
117,"	"
117,"	"
146,"	"
152,"	"
128,"	"
157,"	"
200,"	"
145,"	"
120,"	"
124,"	"
123,"	"
123,"	"
110,"	"
126,"	"
120,"	"
132,"	"
128,"	"
146,"	"
126,"	"
127,"	"
139,"	"
103,"	"
110,"	"
226,"	"
107,"	"
107,"	"
125,"	"
114,"	"
142,"	"
115,"	"
128,"	"
110,"	"
116,"	"
134,"	"
137,"	"
102,"	"
121,"	"
122,"	"
106,"	"
111,"	"
113,"	"
107,"	"
95,"	"
110,"	"
78,"	"
143,"	"
117,"	"
131,"	"
129,"	"
131,"	"
127,"	"
149,"	"
192,"	"
132,"	"
146,"	"
90,"	"
167,"	"
117,"	"
122,"	"
131,"	"
115,"	"
115,"	"
124,"	"
127,"	"
123,"	"
125,"	"
137,"	"
122,"	"
127,"	"
179,"	"
148,"	"
123,"	"
124,"	"
126,"	"
122,"	"
135,"	"
116,"	"
99,"	"
107,"	"
124,"	"
183,"	"
110,"	"
74,"	"
106,"	"
95,"	"
145,"	"
120,"	"
144,"	"
157,"	"
112,"	"
106,"	"
562,"	"
109,"	"
143,"	"
146,"	"
127,"	"
112,"	"
191,"	"
123,"	"
125,"	"
127,"	"
113,"	"
111,"	"
155,"	"
131,"	"
161,"	"
119,"	"
71,"	"
162,"	"
162,"	"
127,"	"
146,"	"
546,"	"
110,"	"
127,"	"
125,"	"
166,"	"
110,"	"
127,"	"
134,"	"
155,"	"
149,"	"
98,"	"
116,"	"
193,"	"
126,"	"
123,"	"
328,"	"
92,"	"
90,"	"
117,"	"
92,"	"
100,"	"
102,"	"
143,"	"
132,"	"
121,"	"
131,"	"
114,"	"
110,"	"
128,"	"
155,"	"
135,"	"
152,"	"
145,"	"
118,"	"
127,"	"
123,"	"
138,"	"
175,"	"
138,"	"
129,"	"
165,"	"
151,"	"
125,"	"
121,"	"
137,"	"
145,"	"
127,"	"
116,"	"
134,"	"
174,"	"
125,"	"
112,"	"
128,"	"
114,"	"
126,"	"
116,"	"
191,"	"
146,"	"
123,"	"
124,"	"
109,"	"
115,"	"
113,"	"
626,"	"
111,"	"
108,"	"
160,"	"
116,"	"
114,"	"
143,"	"
130,"	"
145,"	"
100,"	"
106,"	"
101,"	"
179,"	"
112,"	"
144,"	"
78,"	"
102,"	"
108,"	"
132,"	"
119,"	"
111,"	"
130,"	"
109,"	"
96,"	"
75,"	"
142,"	"
113,"	"
179,"	"
139,"	"
202,"	"
86,"	"
118,"	"
104,"	"
98,"	"
74,"	"
101,"	"
76,"	"
109,"	"
72,"	"
142,"	"
118,"	"
137,"	"
115,"	"
116,"	"
69,"	"
97,"	"
104,"	"
216,"	"
95,"	"
118,"	"
119,"	"
125,"	"
147,"	"
113,"	"
129,"	"
114,"	"
130,"	"
112,"	"
80,"	"
100,"	"
78,"	"
72,"	"
111,"	"
163,"	"
116,"	"
110,"	"
161,"	"
130,"	"
208,"	"
102,"	"
119,"	"
117,"	"
144,"	"
84,"	"
95,"	"
117,"	"
102,"	"
143,"	"
110,"	"
118,"	"
625,"	"
73,"	"
113,"	"
109,"	"
73,"	"
126,"	"
83,"	"
73,"	"
72,"	"
96,"	"
95,"	"
126,"	"
136,"	"
106,"	"
173,"	"
108,"	"
134,"	"
152,"	"
144,"	"
119,"	"
113,"	"
135,"	"
80,"	"
119,"	"
111,"	"
148,"	"
104,"	"
156,"	"
121,"	"
119,"	"
106,"	"
103,"	"
122,"	"
121,"	"
103,"	"
124,"	"
140,"	"
130,"	"
79,"	"
110,"	"
154,"	"
127,"	"
93,"	"
265,"	"
108,"	"
93,"	"
115,"	"
117,"	"
103,"	"
110,"	"
130,"	"
97,"	"
82,"	"
98,"	"
115,"	"
106,"	"
113,"	"
110,"	"
91,"	"
130,"	"
160,"	"
133,"	"
119,"	"
140,"	"
122,"	"
127,"	"
197,"	"
114,"	"
112,"	"
127,"	"
224,"	"
136,"	"
131,"	"
110,"	"
131,"	"
127,"	"
148,"	"
132,"	"
107,"	"
143,"	"
136,"	"
134,"	"
181,"	"
699,"	"
142,"	"
91,"	"
111,"	"
75,"	"
132,"	"
128,"	"
126,"	"
100,"	"
89,"	"
113,"	"
155,"	"
125,"	"
102,"	"
126,"	"
130,"	"
118,"	"
118,"	"
116,"	"
136,"	"
123,"	"
126,"	"
105,"	"
123,"	"
101,"	"
112,"	"
110,"	"
161,"	"
105,"	"
124,"	"
107,"	"
118,"	"
109,"	"
84,"	"
114,"	"
114,"	"
121,"	"
111,"	"
150,"	"
116,"	"
126,"	"
131,"	"
117,"	"
71,"	"
134,"	"
115,"	"
115,"	"
98,"	"
98,"	"
103,"	"
99,"	"
97,"	"
110,"	"
103,"	"
73,"	"
131,"	"
120,"	"
124,"	"
125,"	"
125,"	"
94,"	"
70,"	"
110,"	"
109,"	"
119,"	"
111,"	"
111,"	"
177,"	"
136,"	"
100,"	"
118,"	"
74,"	"
126,"	"
108,"	"
109,"	"
103,"	"
117,"	"
109,"	"
104,"	"
122,"	"
68,"	"
100,"	"
105,"	"
113,"	"
133,"	"
557,"	"
124,"	"
129,"	"
149,"	"
157,"	"
121,"	"
99,"	"
125,"	"
120,"	"
162,"	"
121,"	"
118,"	"
124,"	"
138,"	"
119,"	"
75,"	"
109,"	"
105,"	"
120,"	"
268,"	"
90,"	"
120,"	"
122,"	"
134,"	"
111,"	"
144,"	"
116,"	"
129,"	"
452,"	"
72,"	"
133,"	"
226,"	"
99,"	"
114,"	"
117,"	"
121,"	"
121,"	"
119,"	"
118,"	"
119,"	"
134,"	"
116,"	"
123,"	"
119,"	"
147,"	"
99,"	"
112,"	"
125,"	"
104,"	"
180,"	"
120,"	"
111,"	"
115,"	"
97,"	"
124,"	"
117,"	"
116,"	"
117,"	"
116,"	"
120,"	"
123,"	"
126,"	"
118,"	"
120,"	"
117,"	"
135,"	"
120,"	"
119,"	"
125,"	"
122,"	"
123,"	"
122,"	"
130,"	"
132,"	"
112,"	"
128,"	"
78,"	"
90,"	"
117,"	"
119,"	"
206,"	"
120,"	"
134,"	"
118,"	"
119,"	"
115,"	"
119,"	"
133,"	"
131,"	"
119,"	"
132,"	"
121,"	"
155,"	"
120,"	"
130,"	"
127,"	"
185,"	"
125,"	"
124,"	"
117,"	"
120,"	"
124,"	"
223,"	"
119,"	"
118,"	"
116,"	"
207,"	"
123,"	"
122,"	"
125,"	"
122,"	"
105,"	"
115,"	"
120,"	"
127,"	"
119,"	"
112,"	"
193,"	"
144,"	"
130,"	"
126,"	"
130,"	"
209,"	"
119,"	"
121,"	"
128,"	"
121,"	"
124,"	"
155,"	"
138,"	"
141,"	"
119,"	"
75,"	"
112,"	"
122,"	"
116,"	"
119,"	"
122,"	"
119,"	"
149,"	"
138,"	"
161,"	"
122,"	"
126,"	"
123,"	"
120,"	"
135,"	"
122,"	"
116,"	"
125,"	"
117,"	"
122,"	"
125,"	"
162,"	"
108,"	"
149,"	"
120,"	"
165,"	"
119,"	"
120,"	"
121,"	"
119,"	"
124,"	"
118,"	"
123,"	"
116,"	"
128,"	"
164,"	"
117,"	"
148,"	"
117,"	"
118,"	"
118,"	"
126,"	"
279,"	"
120,"	"
174,"	"
120,"	"
133,"	"
122,"	"
117,"	"
174,"	"
125,"	"
129,"	"
130,"	"
125,"	"
140,"	"
117,"	"
119,"	"
117,"	"
177,"	"
124,"	"
200,"	"
134,"	"
128,"	"
140,"	"
125,"	"
126,"	"
122,"	"
123,"	"
135,"	"
124,"	"
119,"	"
114,"	"
87,"	"
111,"	"
128,"	"
129,"	"
124,"	"
108,"	"
120,"	"
124,"	"
131,"	"
117,"	"
145,"	"
137,"	"
147,"	"
121,"	"
115,"	"
126,"	"
133,"	"
128,"	"
127,"	"
114,"	"
120,"	"
165,"	"
137,"	"
173,"	"
122,"	"
119,"	"
123,"	"
122,"	"
154,"	"
165,"	"
124,"	"
124,"	"
116,"	"
126,"	"
115,"	"
74,"	"
160,"	"
111,"	"
118,"	"
115,"	"
131,"	"
119,"	"
129,"	"
133,"	"
271,"	"
130,"	"
415,"	"
154,"	"
111,"	"
109,"	"
120,"	"
134,"	"
121,"	"
125,"	"
127,"	"
112,"	"
126,"	"
165,"	"
120,"	"
123,"	"
137,"	"
121,"	"
122,"	"
76,"	"
93,"	"
123,"	"
122,"	"
114,"	"
119,"	"
147,"	"
120,"	"
162,"	"
135,"	"
119,"	"
116,"	"
125,"	"
125,"	"
119,"	"
118,"	"
122,"	"
130,"	"
115,"	"
124,"	"
116,"	"
104,"	"
548,"	"
121,"	"
126,"	"
188,"	"
111,"	"
120,"	"
106,"	"
111,"	"
141,"	"
118,"	"
146,"	"
111,"	"
121,"	"
133,"	"
92,"	"
120,"	"
71,"	"
151,"	"
75,"	"
109,"	"
91,"	"
143,"	"
121,"	"
71,"	"
100,"	"
120,"	"
563,"	"
111,"	"
639,"	"
117,"	"
71,"	"
117,"	"
118,"	"
120,"	"
136,"	"
127,"	"
117,"	"
97,"	"
116,"	"
115,"	"
127,"	"
115,"	"
136,"	"
131,"	"
125,"	"
119,"	"
144,"	"
117,"	"
120,"	"
128,"	"
128,"	"
117,"	"
123,"	"
117,"	"
117,"	"
149,"	"
129,"	"
119,"	"
141,"	"
121,"	"
124,"	"
229,"	"
148,"	"
118,"	"
121,"	"
120,"	"
111,"	"
129,"	"
118,"	"
124,"	"
117,"	"
106,"	"
105,"	"
212,"	"
116,"	"
121,"	"
155,"	"
126,"	"
112,"	"
162,"	"
117,"	"
119,"	"
75,"	"
127,"	"
75,"	"
150,"	"
140,"	"
125,"	"
124,"	"
123,"	"
112,"	"
191,"	"
121,"	"
110,"	"
129,"	"
125,"	"
134,"	"
127,"	"
97,"	"
122,"	"
132,"	"
123,"	"
123,"	"
106,"	"
93,"	"
126,"	"
134,"	"
105,"	"
141,"	"
119,"	"
126,"	"
119,"	"
106,"	"
137,"	"
96,"	"
88,"	"
96,"	"
120,"	"
110,"	"
104,"	"
112,"	"
75,"	"
137,"	"
120,"	"
90,"	"
99,"	"
143,"	"
195,"	"
123,"	"
112,"	"
119,"	"
123,"	"
90,"	"
124,"	"
108,"	"
89,"	"
118,"	"
219,"	"
83,"	"
115,"	"
156,"	"
102,"	"
107,"	"
75,"	"
121,"	"
129,"	"
115,"	"
130,"	"
121,"	"
144,"	"
100,"	"
119,"	"
116,"	"
96,"	"
120,"	"
517,"	"
127,"	"
134,"	"
111,"	"
258,"	"
117,"	"
117,"	"
134,"	"
102,"	"
114,"	"
102,"	"
137,"	"
114,"	"
118,"	"
126,"	"
118,"	"
129,"	"
115,"	"
126,"	"
113,"	"
126,"	"
113,"	"
153,"	"
134,"	"
123,"	"
104,"	"
72,"	"
93,"	"
104,"	"
139,"	"
147,"	"
111,"	"
122,"	"
123,"	"
148,"	"
640,"	"
125,"	"
71,"	"
87,"	"
76,"	"
96,"	"
151,"	"
135,"	"
143,"	"
173,"	"
129,"	"
820,"	"
205,"	"
118,"	"
123,"	"
111,"	"
144,"	"
77,"	"
137,"	"
120,"	"
260,"	"
119,"	"
78,"	"
183,"	"
109,"	"
185,"	"
120,"	"
102,"	"
104,"	"
112,"	"
135,"	"
72,"	"
170,"	"
124,"	"
131,"	"
141,"	"
114,"	"
116,"	"
119,"	"
110,"	"
115,"	"
129,"	"
154,"	"
110,"	"
126,"	"
114,"	"
109,"	"
114,"	"
110,"	"
109,"	"
104,"	"
126,"	"
635,"	"
122,"	"
155,"	"
99,"	"
101,"	"
131,"	"
171,"	"
84,"	"
140,"	"
114,"	"
125,"	"
75,"	"
170,"	"
127,"	"
122,"	"
140,"	"
117,"	"
124,"	"
99,"	"
113,"	"
87,"	"
478,"	"
112,"	"
98,"	"
140,"	"
111,"	"
108,"	"
95,"	"
93,"	"
112,"	"
120,"	"
128,"	"
152,"	"
153,"	"
153,"	"
109,"	"
130,"	"
199,"	"
118,"	"
125,"	"
141,"	"
104,"	"
174,"	"
115,"	"
104,"	"
126,"	"
103,"	"
128,"	"
124,"	"
136,"	"
120,"	"
132,"	"
132,"	"